pool_address,notional_usd,token_in,token_out,amount_in_raw,quote_success,amount_out_raw,fee,fee_rate,quote_method,confidence,invalid_reason
Czfq3xZZDmsdGdUyrNLtRhGc47cXcZtLG4crryfu44zE,10,10000000,So11111111111111111111111111111111111111112,10000000,true,140418042,4000,400,orca_swapInstructions_quote_only,0.85,
Czfq3xZZDmsdGdUyrNLtRhGc47cXcZtLG4crryfu44zE,20,20000000,So11111111111111111111111111111111111111112,20000000,true,280836050,8000,400,orca_swapInstructions_quote_only,0.85,
Hp53XEtt4S8SvPCXarsLSdGfZBuUr5mMmZmX2DRNXQKp,10,76923076,So11111111111111111111111111111111111111112,76923076,true,59995260,7693,100,orca_swapInstructions_quote_only,0.85,
Hp53XEtt4S8SvPCXarsLSdGfZBuUr5mMmZmX2DRNXQKp,20,153846153,So11111111111111111111111111111111111111112,153846153,true,119990523,15385,100,orca_swapInstructions_quote_only,0.85,
C9U2Ksk6KKWvLEeo5yUQ7Xu46X7NzeBJtd9PBfuXaUSM,10,76923076,So11111111111111111111111111111111111111112,76923076,true,39052791,123077,1600,orca_swapInstructions_quote_only,0.85,
C9U2Ksk6KKWvLEeo5yUQ7Xu46X7NzeBJtd9PBfuXaUSM,20,153846153,So11111111111111111111111111111111111111112,153846153,true,78105372,246154,1600,orca_swapInstructions_quote_only,0.85,
6a3m2EgFFKfsFuQtP4LJJXPcAe3TQYXNyHUjjZpUxYgd,10,76923076,So11111111111111111111111111111111111111112,76923076,true,1583233,30770,400,orca_swapInstructions_quote_only,0.85,
6a3m2EgFFKfsFuQtP4LJJXPcAe3TQYXNyHUjjZpUxYgd,20,153846153,So11111111111111111111111111111111111111112,153846153,true,3166464,61539,400,orca_swapInstructions_quote_only,0.85,
C1MgLojNLWBKADvu9BHdtgzz1oZX4dZ5zGdGcgvvW8Wz,10,76923076,JUPyiwrYJFskUPiHa7hkeR8VUtAeFoSYbKedZNsDvCN,76923076,true,29400137,38462,500,orca_swapInstructions_quote_only,0.85,
C1MgLojNLWBKADvu9BHdtgzz1oZX4dZ5zGdGcgvvW8Wz,20,153846153,JUPyiwrYJFskUPiHa7hkeR8VUtAeFoSYbKedZNsDvCN,153846153,true,58799673,76924,500,orca_swapInstructions_quote_only,0.85,
6NUiVmsNjsi4AfsMsEiaezsaV9N4N1ZrD4jEnuWNRvyb,10,10000000,27G8MtK7VtTcCHkpASjSDdkWWYfoqT6ggEuKidVJidD4,10000000,true,2891679,2001,200,orca_swapInstructions_quote_only,0.85,
6NUiVmsNjsi4AfsMsEiaezsaV9N4N1ZrD4jEnuWNRvyb,20,20000000,27G8MtK7VtTcCHkpASjSDdkWWYfoqT6ggEuKidVJidD4,20000000,true,5782755,4001,200,orca_swapInstructions_quote_only,0.85,
B5EwJVDuAauzUEEdwvbuXzbFFgEYnUqqS37TUM1c4PQA,10,76923076,So11111111111111111111111111111111111111112,76923076,true,8566,38462,500,orca_swapInstructions_quote_only,0.85,
B5EwJVDuAauzUEEdwvbuXzbFFgEYnUqqS37TUM1c4PQA,20,153846153,So11111111111111111111111111111111111111112,153846153,true,17133,76924,500,orca_swapInstructions_quote_only,0.85,
CeaZcxBNLpJWtxzt58qQmfMBtJY8pQLvursXTJYGQpbN,10,76923076,So11111111111111111111111111111111111111112,76923076,true,8528,123077,1600,orca_swapInstructions_quote_only,0.85,
CeaZcxBNLpJWtxzt58qQmfMBtJY8pQLvursXTJYGQpbN,20,153846153,So11111111111111111111111111111111111111112,153846153,true,17056,246154,1600,orca_swapInstructions_quote_only,0.85,
HxA6SKW5qA4o12fjVgTpXdq2YnZ5Zv1s7SB4FFomsyLM,10,10000000,cbbtcf3aa214zXHbiAZQwf4122FBYbraNdFqgw4iMij,10000000,true,15613,4000,400,orca_swapInstructions_quote_only,0.85,
HxA6SKW5qA4o12fjVgTpXdq2YnZ5Zv1s7SB4FFomsyLM,20,20000000,cbbtcf3aa214zXHbiAZQwf4122FBYbraNdFqgw4iMij,20000000,true,31226,8000,400,orca_swapInstructions_quote_only,0.85,
DtYKbQELgMZ3ihFUrCcCs9gy4djcUuhwgR7UpxVpP2Tg,10,76923076,So11111111111111111111111111111111111111112,76923076,true,64683233,7693,100,orca_swapInstructions_quote_only,0.85,
DtYKbQELgMZ3ihFUrCcCs9gy4djcUuhwgR7UpxVpP2Tg,20,153846153,So11111111111111111111111111111111111111112,153846153,true,129366451,15385,100,orca_swapInstructions_quote_only,0.85,
DxD41srN8Xk9QfYjdNXF9tTnP6qQxeF2bZF8s1eN62Pe,10,So11111111111111111111111111111111111111112,,76923076,false,,,,orca_swapInstructions_quote_only,0,quote_error: SolanaError: HTTP error (429): Too Many Requests
DxD41srN8Xk9QfYjdNXF9tTnP6qQxeF2bZF8s1eN62Pe,20,So11111111111111111111111111111111111111112,,153846153,false,,,,orca_swapInstructions_quote_only,0,quote_error: SolanaError: HTTP error (429): Too Many Requests
HktfL7iwGKT5QHjywQkcDnZXScoh811k7akrMZJkCcEF,10,So11111111111111111111111111111111111111112,,76923076,false,,,,orca_swapInstructions_quote_only,0,quote_error: SolanaError: HTTP error (429): Too Many Requests
HktfL7iwGKT5QHjywQkcDnZXScoh811k7akrMZJkCcEF,20,So11111111111111111111111111111111111111112,,153846153,false,,,,orca_swapInstructions_quote_only,0,quote_error: SolanaError: HTTP error (429): Too Many Requests
FpCMFDFGYotvufJ7HrFHsWEiiQCGbkLCtwHiDnh7o28Q,10,EPjFWdd5AufqSSqeM2qN1xzybapC8G4wEGGkZwyTDt1v,,10000000,false,,,,orca_swapInstructions_quote_only,0,quote_error: SolanaError: HTTP error (429): Too Many Requests
FpCMFDFGYotvufJ7HrFHsWEiiQCGbkLCtwHiDnh7o28Q,20,EPjFWdd5AufqSSqeM2qN1xzybapC8G4wEGGkZwyTDt1v,,20000000,false,,,,orca_swapInstructions_quote_only,0,quote_error: SolanaError: HTTP error (429): Too Many Requests
9tXiuRRw7kbejLhZXtxDxYs2REe43uH2e7k1kocgdM9B,10,EPjFWdd5AufqSSqeM2qN1xzybapC8G4wEGGkZwyTDt1v,,10000000,false,,,,orca_swapInstructions_quote_only,0,quote_error: SolanaError: HTTP error (429): Too Many Requests
9tXiuRRw7kbejLhZXtxDxYs2REe43uH2e7k1kocgdM9B,20,EPjFWdd5AufqSSqeM2qN1xzybapC8G4wEGGkZwyTDt1v,,20000000,false,,,,orca_swapInstructions_quote_only,0,quote_error: SolanaError: HTTP error (429): Too Many Requests
4fuUiYxTQ6QCrdSq9ouBYcTM7bqSwYTSyLueGZLTy4T4,10,EPjFWdd5AufqSSqeM2qN1xzybapC8G4wEGGkZwyTDt1v,,10000000,false,,,,orca_swapInstructions_quote_only,0,quote_error: SolanaError: HTTP error (429): Too Many Requests
4fuUiYxTQ6QCrdSq9ouBYcTM7bqSwYTSyLueGZLTy4T4,20,EPjFWdd5AufqSSqeM2qN1xzybapC8G4wEGGkZwyTDt1v,,20000000,false,,,,orca_swapInstructions_quote_only,0,quote_error: SolanaError: HTTP error (429): Too Many Requests
55BrDTCLWayM16GwrMEQU57o4PTm6ceF9wavSdNZcEiy,10,EPjFWdd5AufqSSqeM2qN1xzybapC8G4wEGGkZwyTDt1v,,10000000,false,,,,orca_swapInstructions_quote_only,0,quote_error: SolanaError: HTTP error (429): Too Many Requests
55BrDTCLWayM16GwrMEQU57o4PTm6ceF9wavSdNZcEiy,20,EPjFWdd5AufqSSqeM2qN1xzybapC8G4wEGGkZwyTDt1v,,20000000,false,,,,orca_swapInstructions_quote_only,0,quote_error: SolanaError: HTTP error (429): Too Many Requests
44W73kGYQgXCTNkGxUmHv8DDBPCxojBcX49uuKmbFc9U,10,So11111111111111111111111111111111111111112,,76923076,false,,,,orca_swapInstructions_quote_only,0,quote_error: SolanaError: HTTP error (429): Too Many Requests
44W73kGYQgXCTNkGxUmHv8DDBPCxojBcX49uuKmbFc9U,20,So11111111111111111111111111111111111111112,,153846153,false,,,,orca_swapInstructions_quote_only,0,quote_error: SolanaError: HTTP error (429): Too Many Requests
3ndjN1nJVUKGrJBc1hhVpER6kWTZKHdyDrPyCJyX3CXK,10,EPjFWdd5AufqSSqeM2qN1xzybapC8G4wEGGkZwyTDt1v,,10000000,false,,,,orca_swapInstructions_quote_only,0,quote_error: SolanaError: HTTP error (429): Too Many Requests
3ndjN1nJVUKGrJBc1hhVpER6kWTZKHdyDrPyCJyX3CXK,20,EPjFWdd5AufqSSqeM2qN1xzybapC8G4wEGGkZwyTDt1v,,20000000,false,,,,orca_swapInstructions_quote_only,0,quote_error: SolanaError: HTTP error (429): Too Many Requests
68soqftZg4HL1Dcis5hMgkLKU9qyC8qbn5JzLhrxhgi9,10,Es9vMFrzaCERmJfrF4H2FYD4KCoNkY11McCe8BenwNYB,,10000000,false,,,,orca_swapInstructions_quote_only,0,quote_error: SolanaError: HTTP error (429): Too Many Requests
68soqftZg4HL1Dcis5hMgkLKU9qyC8qbn5JzLhrxhgi9,20,Es9vMFrzaCERmJfrF4H2FYD4KCoNkY11McCe8BenwNYB,,20000000,false,,,,orca_swapInstructions_quote_only,0,quote_error: SolanaError: HTTP error (429): Too Many Requests
AHTTzwf3GmVMJdxWM8v2MSxyjZj8rQR6hyAC3g9477Yj,10,So11111111111111111111111111111111111111112,,76923076,false,,,,orca_swapInstructions_quote_only,0,quote_error: SolanaError: HTTP error (429): Too Many Requests
AHTTzwf3GmVMJdxWM8v2MSxyjZj8rQR6hyAC3g9477Yj,20,So11111111111111111111111111111111111111112,,153846153,false,,,,orca_swapInstructions_quote_only,0,quote_error: SolanaError: HTTP error (429): Too Many Requests
5hWJUNTtEtKmKgDXpthJXXRRmJrz5vJ7uJzrUNVdrwLg,10,EPjFWdd5AufqSSqeM2qN1xzybapC8G4wEGGkZwyTDt1v,,10000000,false,,,,orca_swapInstructions_quote_only,0,quote_error: SolanaError: HTTP error (429): Too Many Requests
5hWJUNTtEtKmKgDXpthJXXRRmJrz5vJ7uJzrUNVdrwLg,20,EPjFWdd5AufqSSqeM2qN1xzybapC8G4wEGGkZwyTDt1v,,20000000,false,,,,orca_swapInstructions_quote_only,0,quote_error: SolanaError: HTTP error (429): Too Many Requests
D6NdKrKNQPmRZCCnG1GqXtF7MMoHB7qR6GU5TkG59Qz1,10,So11111111111111111111111111111111111111112,,76923076,false,,,,orca_swapInstructions_quote_only,0,quote_error: SolanaError: HTTP error (429): Too Many Requests
D6NdKrKNQPmRZCCnG1GqXtF7MMoHB7qR6GU5TkG59Qz1,20,So11111111111111111111111111111111111111112,,153846153,false,,,,orca_swapInstructions_quote_only,0,quote_error: SolanaError: HTTP error (429): Too Many Requests
FwewVm8u6tFPGewAyHmWAqad9hmF7mvqxK4mJ7iNqqGC,10,Es9vMFrzaCERmJfrF4H2FYD4KCoNkY11McCe8BenwNYB,,10000000,false,,,,orca_swapInstructions_quote_only,0,quote_error: SolanaError: HTTP error (429): Too Many Requests
FwewVm8u6tFPGewAyHmWAqad9hmF7mvqxK4mJ7iNqqGC,20,Es9vMFrzaCERmJfrF4H2FYD4KCoNkY11McCe8BenwNYB,,20000000,false,,,,orca_swapInstructions_quote_only,0,quote_error: SolanaError: HTTP error (429): Too Many Requests
AxqAWNZqozhTn2pkDPgpf5kc5DeBuhLKKNWnt3dLrxdi,10,EPjFWdd5AufqSSqeM2qN1xzybapC8G4wEGGkZwyTDt1v,,10000000,false,,,,orca_swapInstructions_quote_only,0,quote_error: SolanaError: HTTP error (429): Too Many Requests
AxqAWNZqozhTn2pkDPgpf5kc5DeBuhLKKNWnt3dLrxdi,20,EPjFWdd5AufqSSqeM2qN1xzybapC8G4wEGGkZwyTDt1v,,20000000,false,,,,orca_swapInstructions_quote_only,0,quote_error: SolanaError: HTTP error (429): Too Many Requests
Hxw77h9fEx598afiiZunwHaX3vYu9UskDk9EpPNZp1mG,10,So11111111111111111111111111111111111111112,,76923076,false,,,,orca_swapInstructions_quote_only,0,quote_error: SolanaError: HTTP error (429): Too Many Requests
Hxw77h9fEx598afiiZunwHaX3vYu9UskDk9EpPNZp1mG,20,So11111111111111111111111111111111111111112,,153846153,false,,,,orca_swapInstructions_quote_only,0,quote_error: SolanaError: HTTP error (429): Too Many Requests
9RqDTfwCx2SgxsvKpspQHc38HUo3B6hRd3oR9JR966Ps,10,EPjFWdd5AufqSSqeM2qN1xzybapC8G4wEGGkZwyTDt1v,,10000000,false,,,,orca_swapInstructions_quote_only,0,quote_error: SolanaError: HTTP error (429): Too Many Requests
9RqDTfwCx2SgxsvKpspQHc38HUo3B6hRd3oR9JR966Ps,20,EPjFWdd5AufqSSqeM2qN1xzybapC8G4wEGGkZwyTDt1v,,20000000,false,,,,orca_swapInstructions_quote_only,0,quote_error: SolanaError: HTTP error (429): Too Many Requests
57mP5WoNrg3uiGFUdoeYr2CPUZak1L2ZgFtyFwoT7K6G,10,So11111111111111111111111111111111111111112,,76923076,false,,,,orca_swapInstructions_quote_only,0,quote_error: SolanaError: HTTP error (429): Too Many Requests
57mP5WoNrg3uiGFUdoeYr2CPUZak1L2ZgFtyFwoT7K6G,20,So11111111111111111111111111111111111111112,,153846153,false,,,,orca_swapInstructions_quote_only,0,quote_error: SolanaError: HTTP error (429): Too Many Requests
G2u294gm3hBtepUY1dQwGHw5HnD1ab5Ej1YAWpcw9vJi,10,Es9vMFrzaCERmJfrF4H2FYD4KCoNkY11McCe8BenwNYB,,10000000,false,,,,orca_swapInstructions_quote_only,0,quote_error: SolanaError: HTTP error (429): Too Many Requests
G2u294gm3hBtepUY1dQwGHw5HnD1ab5Ej1YAWpcw9vJi,20,Es9vMFrzaCERmJfrF4H2FYD4KCoNkY11McCe8BenwNYB,,20000000,false,,,,orca_swapInstructions_quote_only,0,quote_error: SolanaError: HTTP error (429): Too Many Requests
AU971DrPyhhrpRnmEBp5pDTWL2ny7nofb5vYBjDJkR2E,10,EPjFWdd5AufqSSqeM2qN1xzybapC8G4wEGGkZwyTDt1v,,10000000,false,,,,orca_swapInstructions_quote_only,0,quote_error: SolanaError: HTTP error (429): Too Many Requests
AU971DrPyhhrpRnmEBp5pDTWL2ny7nofb5vYBjDJkR2E,20,EPjFWdd5AufqSSqeM2qN1xzybapC8G4wEGGkZwyTDt1v,,20000000,false,,,,orca_swapInstructions_quote_only,0,quote_error: SolanaError: HTTP error (429): Too Many Requests
5zpyutJu9ee6jFymDGoK7F6S5Kczqtc9FomP3ueKuyA9,10,So11111111111111111111111111111111111111112,,76923076,false,,,,orca_swapInstructions_quote_only,0,quote_error: SolanaError: HTTP error (429): Too Many Requests
5zpyutJu9ee6jFymDGoK7F6S5Kczqtc9FomP3ueKuyA9,20,So11111111111111111111111111111111111111112,,153846153,false,,,,orca_swapInstructions_quote_only,0,quote_error: SolanaError: HTTP error (429): Too Many Requests
ENrEBzFdNp8mZ11j1wXYZ5mbyX5yA3Z4t9ALbBKtZ2RD,10,So11111111111111111111111111111111111111112,,76923076,false,,,,orca_swapInstructions_quote_only,0,quote_error: SolanaError: HTTP error (429): Too Many Requests
ENrEBzFdNp8mZ11j1wXYZ5mbyX5yA3Z4t9ALbBKtZ2RD,20,So11111111111111111111111111111111111111112,,153846153,false,,,,orca_swapInstructions_quote_only,0,quote_error: SolanaError: HTTP error (429): Too Many Requests
4acL7mD2J6GYJy2g3iVTvfpmHCQSZ1rb8DBuupjcVzHJ,10,So11111111111111111111111111111111111111112,,76923076,false,,,,orca_swapInstructions_quote_only,0,quote_error: SolanaError: HTTP error (429): Too Many Requests
4acL7mD2J6GYJy2g3iVTvfpmHCQSZ1rb8DBuupjcVzHJ,20,So11111111111111111111111111111111111111112,,153846153,false,,,,orca_swapInstructions_quote_only,0,quote_error: SolanaError: HTTP error (429): Too Many Requests
AmXR6YeshKfnx23gQpJkktUXoGb7cAXi5hWk3w2pw1a3,10,So11111111111111111111111111111111111111112,,76923076,false,,,,orca_swapInstructions_quote_only,0,quote_error: SolanaError: HTTP error (429): Too Many Requests
AmXR6YeshKfnx23gQpJkktUXoGb7cAXi5hWk3w2pw1a3,20,So11111111111111111111111111111111111111112,,153846153,false,,,,orca_swapInstructions_quote_only,0,quote_error: SolanaError: HTTP error (429): Too Many Requests
AgeSxtVWWMojFWYNrXKnVp9cFuC5CQ7M4rzmrseLxfUj,10,EPjFWdd5AufqSSqeM2qN1xzybapC8G4wEGGkZwyTDt1v,,10000000,false,,,,orca_swapInstructions_quote_only,0,quote_error: SolanaError: HTTP error (429): Too Many Requests
AgeSxtVWWMojFWYNrXKnVp9cFuC5CQ7M4rzmrseLxfUj,20,EPjFWdd5AufqSSqeM2qN1xzybapC8G4wEGGkZwyTDt1v,,20000000,false,,,,orca_swapInstructions_quote_only,0,quote_error: SolanaError: HTTP error (429): Too Many Requests
D3C5H4YU7rjhK7ePrGtK1Bhde4tfeiTr98axdZnA7tet,10,So11111111111111111111111111111111111111112,,76923076,false,,,,orca_swapInstructions_quote_only,0,quote_error: SolanaError: HTTP error (429): Too Many Requests
D3C5H4YU7rjhK7ePrGtK1Bhde4tfeiTr98axdZnA7tet,20,So11111111111111111111111111111111111111112,,153846153,false,,,,orca_swapInstructions_quote_only,0,quote_error: SolanaError: HTTP error (429): Too Many Requests
FAqh648xeeaTqL7du49sztp9nfj5PjRQrfvaMccyd9cz,10,So11111111111111111111111111111111111111112,,76923076,false,,,,orca_swapInstructions_quote_only,0,quote_error: SolanaError: HTTP error (429): Too Many Requests
FAqh648xeeaTqL7du49sztp9nfj5PjRQrfvaMccyd9cz,20,So11111111111111111111111111111111111111112,,153846153,false,,,,orca_swapInstructions_quote_only,0,quote_error: SolanaError: HTTP error (429): Too Many Requests
8QaXeHBrShJTdtN1rWCccBxpSVvKksQ2PCu5nufb2zbk,10,EPjFWdd5AufqSSqeM2qN1xzybapC8G4wEGGkZwyTDt1v,,10000000,false,,,,orca_swapInstructions_quote_only,0,quote_error: SolanaError: HTTP error (429): Too Many Requests
8QaXeHBrShJTdtN1rWCccBxpSVvKksQ2PCu5nufb2zbk,20,EPjFWdd5AufqSSqeM2qN1xzybapC8G4wEGGkZwyTDt1v,,20000000,false,,,,orca_swapInstructions_quote_only,0,quote_error: SolanaError: HTTP error (429): Too Many Requests
3ne4mWqdYuNiYrYZC9TrA3FcfuFdErghH97vNPbjicr1,10,So11111111111111111111111111111111111111112,,76923076,false,,,,orca_swapInstructions_quote_only,0,quote_error: SolanaError: HTTP error (429): Too Many Requests
3ne4mWqdYuNiYrYZC9TrA3FcfuFdErghH97vNPbjicr1,20,So11111111111111111111111111111111111111112,,153846153,false,,,,orca_swapInstructions_quote_only,0,quote_error: SolanaError: HTTP error (429): Too Many Requests
2UhFnySoJi6c89aydGAGS7ZRemo2dbkFRhvSJqDX4gHJ,10,So11111111111111111111111111111111111111112,,76923076,false,,,,orca_swapInstructions_quote_only,0,quote_error: SolanaError: HTTP error (429): Too Many Requests
2UhFnySoJi6c89aydGAGS7ZRemo2dbkFRhvSJqDX4gHJ,20,So11111111111111111111111111111111111111112,,153846153,false,,,,orca_swapInstructions_quote_only,0,quote_error: SolanaError: HTTP error (429): Too Many Requests
27ExzqiGapKFd6NhffapRfdSkuykTVUqY5qeuNnrzBNm,10,So11111111111111111111111111111111111111112,,76923076,false,,,,orca_swapInstructions_quote_only,0,quote_error: SolanaError: HTTP error (429): Too Many Requests
27ExzqiGapKFd6NhffapRfdSkuykTVUqY5qeuNnrzBNm,20,So11111111111111111111111111111111111111112,,153846153,false,,,,orca_swapInstructions_quote_only,0,quote_error: SolanaError: HTTP error (429): Too Many Requests
5qrvgpvr55Eo7c5bBcwopdiQ6TpvceiRm42yjHTbtDvc,10,So11111111111111111111111111111111111111112,,76923076,false,,,,orca_swapInstructions_quote_only,0,quote_error: SolanaError: HTTP error (429): Too Many Requests
5qrvgpvr55Eo7c5bBcwopdiQ6TpvceiRm42yjHTbtDvc,20,So11111111111111111111111111111111111111112,,153846153,false,,,,orca_swapInstructions_quote_only,0,quote_error: SolanaError: HTTP error (429): Too Many Requests
Dsxt7wUigQU5puH9nHjmfwnUenMycAgsFtrkfggLh8P1,10,So11111111111111111111111111111111111111112,,76923076,false,,,,orca_swapInstructions_quote_only,0,quote_error: SolanaError: HTTP error (429): Too Many Requests
Dsxt7wUigQU5puH9nHjmfwnUenMycAgsFtrkfggLh8P1,20,So11111111111111111111111111111111111111112,,153846153,false,,,,orca_swapInstructions_quote_only,0,quote_error: SolanaError: HTTP error (429): Too Many Requests
CwHuXNNkj5inuj2ZXaU1DtjA5Nxfoiy4nNoc1PQQJxTR,10,So11111111111111111111111111111111111111112,,76923076,false,,,,orca_swapInstructions_quote_only,0,quote_error: SolanaError: HTTP error (429): Too Many Requests
CwHuXNNkj5inuj2ZXaU1DtjA5Nxfoiy4nNoc1PQQJxTR,20,So11111111111111111111111111111111111111112,,153846153,false,,,,orca_swapInstructions_quote_only,0,quote_error: SolanaError: HTTP error (429): Too Many Requests
CmyuZJEnEoTnSD5mJLMtzLApocPNszZCWwkiEBbUD3ez,10,So11111111111111111111111111111111111111112,,76923076,false,,,,orca_swapInstructions_quote_only,0,quote_error: SolanaError: HTTP error (429): Too Many Requests
CmyuZJEnEoTnSD5mJLMtzLApocPNszZCWwkiEBbUD3ez,20,So11111111111111111111111111111111111111112,,153846153,false,,,,orca_swapInstructions_quote_only,0,quote_error: SolanaError: HTTP error (429): Too Many Requests
7fJ7Qm6nPBCKPmEExJXro2KFhmY9FYwQA8h23hCrWMVz,10,So11111111111111111111111111111111111111112,,76923076,false,,,,orca_swapInstructions_quote_only,0,quote_error: SolanaError: HTTP error (429): Too Many Requests
7fJ7Qm6nPBCKPmEExJXro2KFhmY9FYwQA8h23hCrWMVz,20,So11111111111111111111111111111111111111112,,153846153,false,,,,orca_swapInstructions_quote_only,0,quote_error: SolanaError: HTTP error (429): Too Many Requests
FfQtSPNUSTDZwNBhJLgpVPG95ediXfeFnfZnoGPELKML,10,So11111111111111111111111111111111111111112,,76923076,false,,,,orca_swapInstructions_quote_only,0,quote_error: SolanaError: HTTP error (429): Too Many Requests
FfQtSPNUSTDZwNBhJLgpVPG95ediXfeFnfZnoGPELKML,20,So11111111111111111111111111111111111111112,,153846153,false,,,,orca_swapInstructions_quote_only,0,quote_error: SolanaError: HTTP error (429): Too Many Requests
4gnf3XVk8A3vxFnnPtVqSFZa1SEPeXogvcetpZm6Q3pS,10,EPjFWdd5AufqSSqeM2qN1xzybapC8G4wEGGkZwyTDt1v,,10000000,false,,,,orca_swapInstructions_quote_only,0,quote_error: SolanaError: HTTP error (429): Too Many Requests
4gnf3XVk8A3vxFnnPtVqSFZa1SEPeXogvcetpZm6Q3pS,20,EPjFWdd5AufqSSqeM2qN1xzybapC8G4wEGGkZwyTDt1v,,20000000,false,,,,orca_swapInstructions_quote_only,0,quote_error: SolanaError: HTTP error (429): Too Many Requests
KLkoFSdCpC523EmmGyJxmLv1A3itv8ZNiMZwjPmFXuk,10,So11111111111111111111111111111111111111112,,76923076,false,,,,orca_swapInstructions_quote_only,0,quote_error: SolanaError: HTTP error (429): Too Many Requests
KLkoFSdCpC523EmmGyJxmLv1A3itv8ZNiMZwjPmFXuk,20,So11111111111111111111111111111111111111112,,153846153,false,,,,orca_swapInstructions_quote_only,0,quote_error: SolanaError: HTTP error (429): Too Many Requests
4nAiqm5QiZiwh1sMpmuJJdVUH12Fst2kPPzApNfppQGd,10,So11111111111111111111111111111111111111112,,76923076,false,,,,orca_swapInstructions_quote_only,0,quote_error: SolanaError: HTTP error (429): Too Many Requests
4nAiqm5QiZiwh1sMpmuJJdVUH12Fst2kPPzApNfppQGd,20,So11111111111111111111111111111111111111112,,153846153,false,,,,orca_swapInstructions_quote_only,0,quote_error: SolanaError: HTTP error (429): Too Many Requests
ENYEHSyduTbFN1xoSEGaLu7c1F8AqKucdscMuV5Yypy2,10,So11111111111111111111111111111111111111112,,76923076,false,,,,orca_swapInstructions_quote_only,0,quote_error: SolanaError: HTTP error (429): Too Many Requests
ENYEHSyduTbFN1xoSEGaLu7c1F8AqKucdscMuV5Yypy2,20,So11111111111111111111111111111111111111112,,153846153,false,,,,orca_swapInstructions_quote_only,0,quote_error: SolanaError: HTTP error (429): Too Many Requests
Ab5pqdTEw1McsizEaQfLEyMLhkfxwzrpyqFASpftQcpq,10,EPjFWdd5AufqSSqeM2qN1xzybapC8G4wEGGkZwyTDt1v,,10000000,false,,,,orca_swapInstructions_quote_only,0,quote_error: SolanaError: HTTP error (429): Too Many Requests
Ab5pqdTEw1McsizEaQfLEyMLhkfxwzrpyqFASpftQcpq,20,EPjFWdd5AufqSSqeM2qN1xzybapC8G4wEGGkZwyTDt1v,,20000000,false,,,,orca_swapInstructions_quote_only,0,quote_error: SolanaError: HTTP error (429): Too Many Requests
7PNQ9rfSGCbCC3XTeL6CwwAzevqQGvKXeXMxP2TjS7rM,10,EPjFWdd5AufqSSqeM2qN1xzybapC8G4wEGGkZwyTDt1v,,10000000,false,,,,orca_swapInstructions_quote_only,0,quote_error: SolanaError: HTTP error (429): Too Many Requests
7PNQ9rfSGCbCC3XTeL6CwwAzevqQGvKXeXMxP2TjS7rM,20,EPjFWdd5AufqSSqeM2qN1xzybapC8G4wEGGkZwyTDt1v,,20000000,false,,,,orca_swapInstructions_quote_only,0,quote_error: SolanaError: HTTP error (429): Too Many Requests
3fCMZfWg48aUNYtdPm9KG4kmwseenr446fLAnafd2Uvj,10,So11111111111111111111111111111111111111112,,76923076,false,,,,orca_swapInstructions_quote_only,0,quote_error: SolanaError: HTTP error (429): Too Many Requests
3fCMZfWg48aUNYtdPm9KG4kmwseenr446fLAnafd2Uvj,20,So11111111111111111111111111111111111111112,,153846153,false,,,,orca_swapInstructions_quote_only,0,quote_error: SolanaError: HTTP error (429): Too Many Requests
HAWNPF6UZ8YgWisd2gsECNSchdn3hQTEujsZtGxKM1MW,10,EPjFWdd5AufqSSqeM2qN1xzybapC8G4wEGGkZwyTDt1v,,10000000,false,,,,orca_swapInstructions_quote_only,0,quote_error: SolanaError: HTTP error (429): Too Many Requests
HAWNPF6UZ8YgWisd2gsECNSchdn3hQTEujsZtGxKM1MW,20,EPjFWdd5AufqSSqeM2qN1xzybapC8G4wEGGkZwyTDt1v,,20000000,false,,,,orca_swapInstructions_quote_only,0,quote_error: SolanaError: HTTP error (429): Too Many Requests
7AhWSjMiXtxgZ6tB39V65sF3Rguv6arkbLWyk2v9MxRV,10,EPjFWdd5AufqSSqeM2qN1xzybapC8G4wEGGkZwyTDt1v,,10000000,false,,,,orca_swapInstructions_quote_only,0,quote_error: SolanaError: HTTP error (429): Too Many Requests
7AhWSjMiXtxgZ6tB39V65sF3Rguv6arkbLWyk2v9MxRV,20,EPjFWdd5AufqSSqeM2qN1xzybapC8G4wEGGkZwyTDt1v,,20000000,false,,,,orca_swapInstructions_quote_only,0,quote_error: SolanaError: HTTP error (429): Too Many Requests
5gqNmuvNQ9qsrcnWtu7WY3S8t8qBpJmaEciNYvuea27c,10,So11111111111111111111111111111111111111112,,76923076,false,,,,orca_swapInstructions_quote_only,0,quote_error: SolanaError: HTTP error (429): Too Many Requests
5gqNmuvNQ9qsrcnWtu7WY3S8t8qBpJmaEciNYvuea27c,20,So11111111111111111111111111111111111111112,,153846153,false,,,,orca_swapInstructions_quote_only,0,quote_error: SolanaError: HTTP error (429): Too Many Requests
6KGwZbL2v9j4k7McfVaSaMgnZjv7KVcR3u8FmAW4HA68,10,EPjFWdd5AufqSSqeM2qN1xzybapC8G4wEGGkZwyTDt1v,,10000000,false,,,,orca_swapInstructions_quote_only,0,quote_error: SolanaError: HTTP error (429): Too Many Requests
6KGwZbL2v9j4k7McfVaSaMgnZjv7KVcR3u8FmAW4HA68,20,EPjFWdd5AufqSSqeM2qN1xzybapC8G4wEGGkZwyTDt1v,,20000000,false,,,,orca_swapInstructions_quote_only,0,quote_error: SolanaError: HTTP error (429): Too Many Requests
EE1i59YUAELZj4qe8sHgsYd7wYuwe2YRoJMmkCjJEiGt,10,EPjFWdd5AufqSSqeM2qN1xzybapC8G4wEGGkZwyTDt1v,,10000000,false,,,,orca_swapInstructions_quote_only,0,quote_error: SolanaError: HTTP error (429): Too Many Requests
EE1i59YUAELZj4qe8sHgsYd7wYuwe2YRoJMmkCjJEiGt,20,EPjFWdd5AufqSSqeM2qN1xzybapC8G4wEGGkZwyTDt1v,,20000000,false,,,,orca_swapInstructions_quote_only,0,quote_error: SolanaError: HTTP error (429): Too Many Requests
6jwmmjnx3mDbA6QauSZ7DY8Z1B8wZncxXM1tJd2unpuS,10,So11111111111111111111111111111111111111112,,76923076,false,,,,orca_swapInstructions_quote_only,0,quote_error: SolanaError: HTTP error (429): Too Many Requests
6jwmmjnx3mDbA6QauSZ7DY8Z1B8wZncxXM1tJd2unpuS,20,So11111111111111111111111111111111111111112,,153846153,false,,,,orca_swapInstructions_quote_only,0,quote_error: SolanaError: HTTP error (429): Too Many Requests
FjpUZNi84CrL8NPBkqTsMyLkxMHJfAjDZiZ65zsEgXnR,10,So11111111111111111111111111111111111111112,,76923076,false,,,,orca_swapInstructions_quote_only,0,quote_error: SolanaError: HTTP error (429): Too Many Requests
FjpUZNi84CrL8NPBkqTsMyLkxMHJfAjDZiZ65zsEgXnR,20,So11111111111111111111111111111111111111112,,153846153,false,,,,orca_swapInstructions_quote_only,0,quote_error: SolanaError: HTTP error (429): Too Many Requests
6b3pGVYwAemYXuCQCH2qQee3zyp3nzeqgpoyxUXSCQbc,10,So11111111111111111111111111111111111111112,,76923076,false,,,,orca_swapInstructions_quote_only,0,quote_error: SolanaError: HTTP error (429): Too Many Requests
6b3pGVYwAemYXuCQCH2qQee3zyp3nzeqgpoyxUXSCQbc,20,So11111111111111111111111111111111111111112,,153846153,false,,,,orca_swapInstructions_quote_only,0,quote_error: SolanaError: HTTP error (429): Too Many Requests
DpRTn6DsBMVMkW2s9DaT4EGHBFSXx6vs7gVpw7niFJLY,10,So11111111111111111111111111111111111111112,,76923076,false,,,,orca_swapInstructions_quote_only,0,quote_error: SolanaError: HTTP error (429): Too Many Requests
DpRTn6DsBMVMkW2s9DaT4EGHBFSXx6vs7gVpw7niFJLY,20,So11111111111111111111111111111111111111112,,153846153,false,,,,orca_swapInstructions_quote_only,0,quote_error: SolanaError: HTTP error (429): Too Many Requests
Dps9eL3mqqWqqz1JcUdVpxo6EQEdbH9fBxex2mDrhBf1,10,So11111111111111111111111111111111111111112,,76923076,false,,,,orca_swapInstructions_quote_only,0,quote_error: SolanaError: HTTP error (429): Too Many Requests
Dps9eL3mqqWqqz1JcUdVpxo6EQEdbH9fBxex2mDrhBf1,20,So11111111111111111111111111111111111111112,,153846153,false,,,,orca_swapInstructions_quote_only,0,quote_error: SolanaError: HTTP error (429): Too Many Requests
