rank,pool_address,protocol,name,token0_symbol,token1_symbol,fee_tier_bps,tvl_usd,volume_usd_h24,price_change_pct_h24,risk_level,risk_score,best_size_usdc,best_range_label,best_range_pct,expected_fee_usd_per_day,expected_il_usd_per_day,gas_usd_per_cycle,net_usd_per_day,fee_to_gas_ratio,score,go_no_go,reason
1,0xb2cc224c1c9fee385f8ad6a55b4d94e92359dc59,aerodrome,WETH / USDC 0.05%,WETH,USDC,5,8481774.1581,133263196.399081,0.602,LOW,0,10.0,narrow_5pct,0.05,0.078559,0.03612,0.3,-0.257561,0.2619,0.2248,NEED_MORE_DATA,"bluechip_or_onestable, near_breakeven net=-0.2576"
2,0x3fe04a59ebd38cf06080a6f60a98d124eb59392a,aerodrome,WETH / USDC 0.05%,WETH,USDC,5,2950253.6709,34296454.0268803,0.6,LOW,0,10.0,narrow_5pct,0.05,0.058125,0.036,0.3,-0.277875,0.1937,0.2182,NEED_MORE_DATA,"bluechip_or_onestable, near_breakeven net=-0.2779"
3,0x82dbe18346a8656dbb5e76f74bf3ae279cc16b29,aerodrome,WETH / USDC 0.05%,WETH,USDC,5,451285.6693,4685391.76916683,0.577,LOW,0,10.0,narrow_5pct,0.05,0.051912,0.03462,0.3,-0.282708,0.173,0.2166,NEED_MORE_DATA,"bluechip_or_onestable, near_breakeven net=-0.2827"
4,0xd0b53d9277642d899df5c87a3966a349a798f224,aerodrome,USDC / WETH 0.05%,USDC,WETH,5,9410731.4999,29035281.4967497,0.072,LOW,0,10.0,narrow_5pct,0.05,0.015427,0.00432,0.3,-0.288893,0.0514,0.2137,NEED_MORE_DATA,"bluechip_or_onestable, near_breakeven net=-0.2889"
5,0x6c561b446416e1a00e8e93e221854d6ea4171372,aerodrome,WETH / USDC 0.3%,WETH,USDC,30,95528681.5918,114023465.272292,0.577,LOW,0,10.0,narrow_5pct,0.05,0.035808,0.03462,0.3,-0.298812,0.1194,0.2113,NEED_MORE_DATA,"bluechip_or_onestable, near_breakeven net=-0.2988"
6,0xb775272e537cc670c65dc852908ad47015244eaf,aerodrome,WETH / USDC 0.05%,WETH,USDC,5,1303773.6153,5775984.58741442,0.6,LOW,0,1.0,narrow_5pct,0.05,0.002215,0.0036,0.3,-0.301385,0.0074,0.2096,NEED_MORE_DATA,"bluechip_or_onestable, near_breakeven net=-0.3014"
7,0x72ab388e2e2f6facef59e3c3fa2c4e29011c2d38,aerodrome,WETH / USDC 0.01%,WETH,USDC,1,3903964.8107,47474328.8330754,0.602,LOW,0,1.0,narrow_5pct,0.05,0.001216,0.003612,0.3,-0.302396,0.0041,0.2093,NEED_MORE_DATA,"bluechip_or_onestable, near_breakeven net=-0.3024"
8,0xb4cb800910b228ed3d0834cf79d697127bbb00e5,aerodrome,WETH / USDC 0.01%,WETH,USDC,1,390853.5005,3137639.7550916,0.674,LOW,0,1.0,narrow_5pct,0.05,0.000803,0.004044,0.3,-0.303241,0.0027,0.209,NEED_MORE_DATA,"bluechip_or_onestable, near_breakeven net=-0.3032"
9,0x3e66e55e97ce60096f74b7c475e8249f2d31a9fb,aerodrome,USDC / cbBTC 1%,USDC,cbBTC,100,2889224.8598,7095167.22115343,-0.213,MEDIUM,25,10.0,narrow_5pct,0.05,0.245573,0.01278,0.3,-0.067207,0.8186,0.2864,NO_GO,risk=MEDIUM
10,0x9785ef59e2b499fb741674ecf6faf912df7b3c1b,aerodrome,USDT / WETH 0.05%,USDT,WETH,5,180457.5018,2491217.95072521,-0.033,MEDIUM,25,10.0,narrow_5pct,0.05,0.069025,0.00198,0.3,-0.232955,0.2301,0.232,NO_GO,risk=MEDIUM
11,0xaa5fe7dcc07dcb8b7afcd1b93874e7cb1e0ab50b,aerodrome,EURC / WETH 0.05%,EURC,WETH,5,482828.4676,2804636.46050842,-0.03,MEDIUM,25,10.0,narrow_5pct,0.05,0.029044,0.0018,0.3,-0.272756,0.0968,0.2189,NO_GO,risk=MEDIUM
12,0x160d7e9d948b16c163332a277b393c288408eb12,aerodrome,cbBTC / USDC 0.05%,cbBTC,USDC,5,2536781.7205,37703549.1837934,1.075,MEDIUM,25,10.0,narrow_5pct,0.05,0.074314,0.0645,0.3,-0.290186,0.2477,0.2149,NO_GO,risk=MEDIUM
13,0x42d4a22cad0f5a49681a5715ce994af73a43b76b,aerodrome,cbBTC / WETH 0.05%,cbBTC,WETH,5,3341213.7187,42129739.5164709,1.001,MEDIUM,25,10.0,narrow_5pct,0.05,0.063046,0.06006,0.3,-0.297014,0.2102,0.2126,NO_GO,risk=MEDIUM
14,0x4e962bb3889bf030368f56810a9c96b83cb3e778,aerodrome,cbBTC / USDC 0.05%,cbBTC,USDC,5,9171570.3533,117596882.184985,1.024,MEDIUM,25,10.0,narrow_5pct,0.05,0.064109,0.06144,0.3,-0.297331,0.2137,0.2125,NO_GO,risk=MEDIUM
15,0x0ba69825c4c033e72309f6ac0bde0023b15cc97c,aerodrome,USDC / cbBTC 0.05%,USDC,cbBTC,5,206784.6605,902589.35858536,-0.299,MEDIUM,25,10.0,narrow_5pct,0.05,0.021824,0.01794,0.3,-0.296116,0.0727,0.2117,NO_GO,risk=MEDIUM
16,0x8a8e4170c09074b109352190d47e54d7c1f61e4e,aerodrome,PROS / USDC 0.01%,PROS,USDC,1,887244.2829,2664378.25917972,0.005,MEDIUM,25,10.0,narrow_5pct,0.05,0.003003,0.0003,0.3,-0.297297,0.01,0.2109,NO_GO,risk=MEDIUM
17,0x3c4384f3664b37a3cb5a5cb3452b4b4a3aa1256f,aerodrome,CHECK / USDC 0.25%,CHECK,USDC,25,882055.3507,1140467.20952414,0.595,MEDIUM,25,1.0,narrow_5pct,0.05,0.003232,0.00357,0.3,-0.300338,0.0108,0.21,NO_GO,risk=MEDIUM
18,0x7501bc8bb51616f79bfa524e464fb7b41f0b10fb,aerodrome,msUSD / USDC 0.05%,msUSD,USDC,5,20290280.0778,4553247.59333801,-0.051,MEDIUM,25,1.0,narrow_5pct,0.05,0.000112,0.000306,0.3,-0.300194,0.0004,0.2099,NO_GO,risk=MEDIUM
19,0xa41bc0affba7fd420d186b84899d7ab2ac57fcd1,aerodrome,USDT / USDC 0.01%,USDT,USDC,1,1090337.8093,15400336.797491,0.444,MEDIUM,25,1.0,narrow_5pct,0.05,0.001412,0.002664,0.3,-0.301252,0.0047,0.2097,NO_GO,risk=MEDIUM
20,0x3f9b863ef4b295d6ba370215bcca3785fcc44f44,aerodrome,WETH / cbBTC 0.05%,WETH,cbBTC,5,1323714.541,5144867.76176446,0.512,MEDIUM,25,1.0,narrow_5pct,0.05,0.001943,0.003072,0.3,-0.301129,0.0065,0.2097,NO_GO,risk=MEDIUM
21,0x841c1a22d9a505cbba3e9bf90fd43e1201a09932ca0a90816579346be5f092af,aerodrome,USDC / USDT 0.01%,USDC,USDT,1,389491.3608,15119935.8025296,-0.91,MEDIUM,25,1.0,narrow_5pct,0.05,0.003882,0.00546,0.3,-0.301578,0.0129,0.2096,NO_GO,risk=MEDIUM
22,0xd56da2b74ba826f19015e6b7dd9dae1903e85da1,aerodrome,USDT / USDC 0.01%,USDT,USDC,1,230055.8129,3769984.01083513,0.495,MEDIUM,25,1.0,narrow_5pct,0.05,0.001639,0.00297,0.3,-0.301331,0.0055,0.2096,NO_GO,risk=MEDIUM
23,0xd364eb55e17700b54bd75feb3f14582ed7a29444,aerodrome,MAG7.ssi / USDC 0.3%,MAG7.ssi,USDC,30,5107136.6955,1006724.1164851,0.383,MEDIUM,25,1.0,narrow_5pct,0.05,0.000591,0.002298,0.3,-0.301707,0.002,0.2095,NO_GO,risk=MEDIUM
24,0x5d0bc342178c8fe2c2f9a9fcc9d52555c99936db,aerodrome,USDbC / USDC 0.05%,USDbC,USDC,5,148772.0151,746204.13464597,-0.774,MEDIUM,25,1.0,narrow_5pct,0.05,0.002508,0.004644,0.3,-0.302136,0.0084,0.2094,NO_GO,risk=MEDIUM
25,0xd08f1fb797bfacded23323178672557034c64cfa,aerodrome,deSPXA / USDC 0.05%,deSPXA,USDC,5,3465066.1995,7285474.02743657,-0.573,MEDIUM,25,1.0,narrow_5pct,0.05,0.001051,0.003438,0.3,-0.302387,0.0035,0.2093,NO_GO,risk=MEDIUM
26,0xc5e51044eb7318950b1afb044fccfb25782c48c1,aerodrome,EURC / USDC 0.01%,EURC,USDC,1,229947.381,3882232.3612997,-0.694,MEDIUM,25,1.0,narrow_5pct,0.05,0.001688,0.004164,0.3,-0.302476,0.0056,0.2093,NO_GO,risk=MEDIUM
27,0x70acdf2ad0bf2402c957154f944c19ef4e1cbae1,aerodrome,cbBTC / WETH 0.05%,cbBTC,WETH,5,12383995.527,82051631.158721,1.023,MEDIUM,25,1.0,narrow_5pct,0.05,0.003313,0.006138,0.3,-0.302825,0.011,0.2092,NO_GO,risk=MEDIUM
28,0x2fbe93bf7177596c5d04675bdcef7bacaf98bd954dc26829fcda39f122239459,aerodrome,ETH / cbBTC 0.05%,ETH,cbBTC,5,1452275.2938,2608026.24448505,0.627,MEDIUM,25,1.0,narrow_5pct,0.05,0.000898,0.003762,0.3,-0.302864,0.003,0.2092,NO_GO,risk=MEDIUM
29,0x8bb9eaf3c5a906d20c4cc10ea2f73a3ac2d5d41a,aerodrome,cbETH / cbBTC 0.05%,cbETH,cbBTC,5,469916.9855,1005445.29813682,0.65,MEDIUM,25,1.0,narrow_5pct,0.05,0.00107,0.0039,0.3,-0.30283,0.0036,0.2092,NO_GO,risk=MEDIUM
30,0x96d4b53a38337a5733179751781178a2613306063c511b78cd02684739288c0a,aerodrome,ETH / USDC 0.05%,ETH,USDC,5,583364.2938,954310.733553572,0.62,MEDIUM,25,1.0,narrow_5pct,0.05,0.000818,0.00372,0.3,-0.302902,0.0027,0.2092,NO_GO,risk=MEDIUM
31,0x529d2863a1521d0b57db028168fde2e97120017c,aerodrome,VIRTUAL / USDC 0.3%,VIRTUAL,USDC,30,812257.3659,826151.326453874,-0.988,MEDIUM,25,1.0,narrow_5pct,0.05,0.003051,0.005928,0.3,-0.302877,0.0102,0.2092,NO_GO,risk=MEDIUM
32,0xe846373c1a92b167b4e9cd5d8e4d6b1db9e90ec7,aerodrome,EURC / USDC 0.05%,EURC,USDC,5,2854095.3119,5702435.07522135,-0.694,MEDIUM,25,1.0,narrow_5pct,0.05,0.000999,0.004164,0.3,-0.303165,0.0033,0.2091,NO_GO,risk=MEDIUM
33,0xe070797535b13431808f8fc81fdbe7b41362960ed0b55bc2b6117c49c51b7eb9,aerodrome,ETH / USDC 0.3%,ETH,USDC,30,3380017.1646,1604569.97688043,0.767,MEDIUM,25,1.0,narrow_5pct,0.05,0.001424,0.004602,0.3,-0.303178,0.0047,0.2091,NO_GO,risk=MEDIUM
34,0x74f72788f4814d7ff3c49b44684aa98eee140c0e,aerodrome,msETH / WETH 0.05%,msETH,WETH,5,20659794.0206,4918852.048633,0.561,MEDIUM,25,1.0,narrow_5pct,0.05,0.000119,0.003366,0.3,-0.303247,0.0004,0.209,NO_GO,risk=MEDIUM
35,0x1ca42c7219f0cb1b67927e26502320cb98f725bd,aerodrome,EURC / USDC 0.01%,EURC,USDC,1,192519.5447,1127934.18908764,-0.656,MEDIUM,25,1.0,narrow_5pct,0.05,0.000586,0.003936,0.3,-0.30335,0.002,0.209,NO_GO,risk=MEDIUM
36,0xb1383dc47d9971fc999c3a9088f79e744b376e97,aerodrome,cbETH / WETH 0.05%,cbETH,WETH,5,1179119.6643,888184.074839705,0.646,MEDIUM,25,1.0,narrow_5pct,0.05,0.000377,0.003876,0.3,-0.303499,0.0013,0.209,NO_GO,risk=MEDIUM
37,0x12d76c5c8ec8edffd3c143995b0aa43fe44a6d71eb9113796272909e54b8e078,aerodrome,cbBTC / USDC 0.05%,cbBTC,USDC,5,3993896.8526,16454060.6412459,0.978,MEDIUM,25,1.0,narrow_5pct,0.05,0.00206,0.005868,0.3,-0.303808,0.0069,0.2089,NO_GO,risk=MEDIUM
38,0x7aea2e8a3843516afa07293a10ac8e49906dabd1,aerodrome,cbBTC / WETH 0.05%,cbBTC,WETH,5,2738202.0425,6108338.94708627,0.943,MEDIUM,25,1.0,narrow_5pct,0.05,0.001115,0.005658,0.3,-0.304543,0.0037,0.2087,NO_GO,risk=MEDIUM
39,0x9d14ff91ae2c6e3d1a760542248b6c7f206894b0,aerodrome,cbBTC / USDC 0.021%,cbBTC,USDC,2.1,723013.5575,5579771.82782605,1.031,MEDIUM,25,1.0,narrow_5pct,0.05,0.001621,0.006186,0.3,-0.304565,0.0054,0.2087,NO_GO,risk=MEDIUM
40,0xfbb6eed8e7aa03b138556eedaf5d271a5e1e43ef,aerodrome,cbBTC / USDC 0.05%,cbBTC,USDC,5,7276211.0203,15559709.2325096,0.978,MEDIUM,25,1.0,narrow_5pct,0.05,0.001069,0.005868,0.3,-0.304799,0.0036,0.2086,NO_GO,risk=MEDIUM
41,0x29183f918920a2aef0115a9c7374945589968aea,aerodrome,SOSO / USDC 0.01%,SOSO,USDC,1,294167.5021,2173639.51405107,-0.905,MEDIUM,25,1.0,narrow_5pct,0.05,0.000739,0.00543,0.3,-0.304691,0.0025,0.2086,NO_GO,risk=MEDIUM
42,0xc211e1f853a898bd1302385ccde55f33a8c4b3f3,aerodrome,cbBTC / WETH 0.01%,cbBTC,WETH,1,3657760.1852,47946386.5288782,1.046,MEDIUM,25,1.0,narrow_5pct,0.05,0.001311,0.006276,0.3,-0.304965,0.0044,0.2085,NO_GO,risk=MEDIUM
43,0xec558e484cc9f2210714e345298fdc53b253c27d,aerodrome,cbBTC / USDC 0.3%,cbBTC,USDC,30,4741671.606,1521537.34738314,1.026,MEDIUM,25,1.0,narrow_5pct,0.05,0.000963,0.006156,0.3,-0.305193,0.0032,0.2085,NO_GO,risk=MEDIUM
44,0xb94b22332abf5f89877a14cc88f2abc48c34b3df,aerodrome,cbBTC / USDC 0.01%,cbBTC,USDC,1,2335802.1799,22644739.2200665,1.068,MEDIUM,25,1.0,narrow_5pct,0.05,0.000969,0.006408,0.3,-0.305439,0.0032,0.2084,NO_GO,risk=MEDIUM
45,0x8c7080564b5a792a33ef2fd473fba6364d5495e5,aerodrome,cbBTC / WETH 0.3%,cbBTC,WETH,30,9110934.5573,1731673.26767178,1.126,MEDIUM,25,1.0,narrow_5pct,0.05,0.00057,0.006756,0.3,-0.306186,0.0019,0.2082,NO_GO,risk=MEDIUM
46,0x3f0296bf652e19bca772ec3df08b32732f93014a,aerodrome,VIRTUAL / WETH 0.05%,VIRTUAL,WETH,5,444769.7686,5973019.044212,-2.268,MEDIUM,25,1.0,narrow_5pct,0.05,0.006715,0.013608,0.3,-0.306893,0.0224,0.2081,NO_GO,risk=MEDIUM
47,0x4e506648d493c8870f55e870480f92f2f33ece51,aerodrome,AERO / WETH 0.3%,AERO,WETH,30,2289796.0317,1795997.47106072,1.755,MEDIUM,25,1.0,narrow_5pct,0.05,0.002353,0.01053,0.3,-0.308177,0.0078,0.2076,NO_GO,risk=MEDIUM
48,0x9c087eb773291e50cf6c6a90ef0f4500e349b903,aerodrome,VIRTUAL / WETH 0.05%,VIRTUAL,WETH,5,411923.4164,1302940.53490841,-2.209,MEDIUM,25,1.0,narrow_5pct,0.05,0.001582,0.013254,0.3,-0.311672,0.0053,0.2065,NO_GO,risk=MEDIUM
49,0xa135b59fe221c0c8d441294f97f96fbc37bc9fbe,aerodrome,VVV / WETH 0.3%,VVV,WETH,30,774834.5818,2447803.85653238,-11.337,MEDIUM,25,1.0,narrow_5pct,0.05,0.009477,0.068022,0.3,-0.358545,0.0316,0.1927,NO_GO,risk=MEDIUM
50,0x7ec6c9d993d9832aa654593f2dbc21303650bc6c,aerodrome,VVV / WETH 0.05%,VVV,WETH,5,2619032.1171,3514725.56439117,-11.702,MEDIUM,25,1.0,narrow_5pct,0.05,0.000671,0.070212,0.3,-0.369541,0.0022,0.1892,NO_GO,risk=MEDIUM
51,0x0ab02e160f0df68dc049b012c514857306960eae,aerodrome,CTR / USDC 0.018%,CTR,USDC,1.8,587051.9291,26092521.1011273,-16.033,MEDIUM,25,1.0,narrow_5pct,0.05,0.008,0.096198,0.3,-0.388198,0.0267,0.1838,NO_GO,risk=MEDIUM
52,0xc9034c3e7f58003e6ae0c8438e7c8f4598d5acaa,aerodrome,DEGEN / WETH 0.3%,DEGEN,WETH,30,1438578.8958,1976516.83489753,25.906,MEDIUM,25,1.0,narrow_5pct,0.05,0.004122,0.155436,0.3,-0.451314,0.0137,0.1647,NO_GO,risk=MEDIUM
53,0xf603222de2fd7d8ad98612846faafc3bd3554062b91f077f50042d5c95d31a59,aerodrome,WCLAW / WETH 0.01%,WCLAW,WETH,1,76238.5823,741380.767392571,-33.947,MEDIUM,45,1.0,narrow_5pct,0.05,0.000972,0.203682,0.3,-0.50271,0.0032,0.1492,NO_GO,risk=MEDIUM
