pool,pool_name,size_usd,range_pct,hold_hours,l_factor,base_share,events_in_window,in_range_pct,total_volume_usd,total_pool_fee_usd,replay_fee_corrected_usd,replay_fee_r4_old_usd,correction_factor,median_share_pct,max_share_pct,proxy_fee_usd,capture_ratio_corrected,capture_ratio_old,il_estimate_usd,gas_usd,net_pnl_corrected_usd,net_pnl_old_usd,signal_noise_corrected,recommendation
0xb2cc224c1c9fee385f8ad6a55b4d94e92359dc59,Aerodrome Slipstream WETH/USDC 0.05%,10,5,1,1721.74,0.00196944,998,1.0000,2382080.08,1191.0400,2.341067,2.345677,0.998034,0.001966,0.001966,0.003209,729.5799,731.0167,0.0333,0.0795,2.2282,2.2328,138.4640,GO
0xb2cc224c1c9fee385f8ad6a55b4d94e92359dc59,Aerodrome Slipstream WETH/USDC 0.05%,10,5,6,1721.74,0.00196944,6183,1.0000,15662207.19,7831.1036,15.392544,15.422859,0.998034,0.001966,0.001966,0.019253,799.4995,801.0741,0.2000,0.0795,15.1130,15.1434,151.9254,GO
0xb2cc224c1c9fee385f8ad6a55b4d94e92359dc59,Aerodrome Slipstream WETH/USDC 0.05%,10,5,24,1721.74,0.00196944,28483,1.0000,91732605.15,45866.3026,90.153207,90.330758,0.998034,0.001966,0.001966,0.077011,1170.6551,1172.9606,0.8000,0.0795,89.2737,89.4513,223.3830,GO
0xb2cc224c1c9fee385f8ad6a55b4d94e92359dc59,Aerodrome Slipstream WETH/USDC 0.05%,10,10,1,461.74,0.00052816,998,1.0000,2382080.08,1191.0400,0.628733,0.629065,0.999472,0.000528,0.000528,0.003209,195.9409,196.0444,0.0083,0.0795,0.5409,0.5412,148.8958,GO
0xb2cc224c1c9fee385f8ad6a55b4d94e92359dc59,Aerodrome Slipstream WETH/USDC 0.05%,10,10,6,461.74,0.00052816,6183,1.0000,15662207.19,7831.1036,4.133925,4.136108,0.999472,0.000528,0.000528,0.019253,214.7190,214.8324,0.0500,0.0795,4.0044,4.0066,163.3570,GO
0xb2cc224c1c9fee385f8ad6a55b4d94e92359dc59,Aerodrome Slipstream WETH/USDC 0.05%,10,10,24,461.74,0.00052816,28483,1.0000,91732605.15,45866.3026,24.212150,24.224938,0.999472,0.000528,0.000528,0.077011,314.3990,314.5650,0.2000,0.0795,23.9327,23.9454,240.1215,GO
0xb2cc224c1c9fee385f8ad6a55b4d94e92359dc59,Aerodrome Slipstream WETH/USDC 0.05%,10,15,1,219.51,0.00025109,998,1.0000,2382080.08,1191.0400,0.298982,0.299057,0.999749,0.000251,0.000251,0.003209,93.1760,93.1994,0.0037,0.0795,0.2158,0.2159,159.4503,GO
0xb2cc224c1c9fee385f8ad6a55b4d94e92359dc59,Aerodrome Slipstream WETH/USDC 0.05%,10,15,6,219.51,0.00025109,6183,1.0000,15662207.19,7831.1036,1.965810,1.966304,0.999749,0.000251,0.000251,0.019253,102.1056,102.1312,0.0222,0.0795,1.8641,1.8646,174.9229,GO
0xb2cc224c1c9fee385f8ad6a55b4d94e92359dc59,Aerodrome Slipstream WETH/USDC 0.05%,10,15,24,219.51,0.00025109,28483,1.0000,91732605.15,45866.3026,11.513634,11.516525,0.999749,0.000251,0.000251,0.077011,149.5065,149.5441,0.0889,0.0795,11.3452,11.3481,257.0568,GO
0xb2cc224c1c9fee385f8ad6a55b4d94e92359dc59,Aerodrome Slipstream WETH/USDC 0.05%,25,5,1,1721.74,0.00492359,998,1.0000,2382080.08,1191.0400,5.835462,5.864193,0.995101,0.004899,0.004899,0.008022,727.4351,731.0167,0.0833,0.0795,5.6726,5.7014,138.0511,GO
0xb2cc224c1c9fee385f8ad6a55b4d94e92359dc59,Aerodrome Slipstream WETH/USDC 0.05%,25,5,6,1721.74,0.00492359,6183,1.0000,15662207.19,7831.1036,38.368238,38.557148,0.995101,0.004899,0.004899,0.048132,797.1492,801.0741,0.5000,0.0795,37.7887,37.9776,151.4730,GO
0xb2cc224c1c9fee385f8ad6a55b4d94e92359dc59,Aerodrome Slipstream WETH/USDC 0.05%,25,5,24,1721.74,0.00492359,28483,1.0000,91732605.15,45866.3026,224.720463,225.826894,0.995101,0.004899,0.004899,0.192527,1167.2138,1172.9606,2.0000,0.0795,222.6410,223.7474,222.7205,GO
0xb2cc224c1c9fee385f8ad6a55b4d94e92359dc59,Aerodrome Slipstream WETH/USDC 0.05%,25,10,1,461.74,0.00132041,998,1.0000,2382080.08,1191.0400,1.570588,1.572662,0.998681,0.001319,0.001319,0.008022,195.7858,196.0444,0.0208,0.0795,1.4703,1.4723,148.7764,GO
0xb2cc224c1c9fee385f8ad6a55b4d94e92359dc59,Aerodrome Slipstream WETH/USDC 0.05%,25,10,6,461.74,0.00132041,6183,1.0000,15662207.19,7831.1036,10.326636,10.340271,0.998681,0.001319,0.001319,0.048132,214.5491,214.8324,0.1250,0.0795,10.1221,10.1358,163.2262,GO
0xb2cc224c1c9fee385f8ad6a55b4d94e92359dc59,Aerodrome Slipstream WETH/USDC 0.05%,25,10,24,461.74,0.00132041,28483,1.0000,91732605.15,45866.3026,60.482484,60.562345,0.998681,0.001319,0.001319,0.192527,314.1502,314.5650,0.5000,0.0795,59.9030,59.9828,239.9299,GO
0xb2cc224c1c9fee385f8ad6a55b4d94e92359dc59,Aerodrome Slipstream WETH/USDC 0.05%,25,15,1,219.51,0.00062772,998,1.0000,2382080.08,1191.0400,0.747174,0.747643,0.999373,0.000627,0.000627,0.008022,93.1409,93.1994,0.0093,0.0795,0.6584,0.6589,159.3895,GO
0xb2cc224c1c9fee385f8ad6a55b4d94e92359dc59,Aerodrome Slipstream WETH/USDC 0.05%,25,15,6,219.51,0.00062772,6183,1.0000,15662207.19,7831.1036,4.912676,4.915760,0.999373,0.000627,0.000627,0.048132,102.0671,102.1312,0.0556,0.0795,4.7776,4.7807,174.8563,GO
0xb2cc224c1c9fee385f8ad6a55b4d94e92359dc59,Aerodrome Slipstream WETH/USDC 0.05%,25,15,24,219.51,0.00062772,28483,1.0000,91732605.15,45866.3026,28.773250,28.791311,0.999373,0.000627,0.000627,0.192527,149.4503,149.5441,0.2222,0.0795,28.4715,28.4896,256.9592,GO
0xb2cc224c1c9fee385f8ad6a55b4d94e92359dc59,Aerodrome Slipstream WETH/USDC 0.05%,50,5,1,1721.74,0.00984718,998,1.0000,2382080.08,1191.0400,11.614022,11.728387,0.990249,0.009751,0.009751,0.016044,723.8885,731.0167,0.1667,0.0795,11.3679,11.4822,137.3683,GO
0xb2cc224c1c9fee385f8ad6a55b4d94e92359dc59,Aerodrome Slipstream WETH/USDC 0.05%,50,5,6,1721.74,0.00984718,6183,1.0000,15662207.19,7831.1036,76.362342,77.114295,0.990249,0.009751,0.009751,0.096264,793.2627,801.0741,1.0000,0.0795,75.2828,76.0348,150.7247,GO
0xb2cc224c1c9fee385f8ad6a55b4d94e92359dc59,Aerodrome Slipstream WETH/USDC 0.05%,50,5,24,1721.74,0.00984718,28483,1.0000,91732605.15,45866.3026,447.249640,451.653788,0.990249,0.009751,0.009751,0.385055,1161.5229,1172.9606,4.0000,0.0795,443.1701,447.5743,221.6248,GO
0xb2cc224c1c9fee385f8ad6a55b4d94e92359dc59,Aerodrome Slipstream WETH/USDC 0.05%,50,10,1,461.74,0.00264082,998,1.0000,2382080.08,1191.0400,3.137039,3.145323,0.997366,0.002634,0.002634,0.016044,195.5280,196.0444,0.0417,0.0795,3.0159,3.0242,148.5779,GO
0xb2cc224c1c9fee385f8ad6a55b4d94e92359dc59,Aerodrome Slipstream WETH/USDC 0.05%,50,10,6,461.74,0.00264082,6183,1.0000,15662207.19,7831.1036,20.626072,20.680542,0.997366,0.002634,0.002634,0.096264,214.2665,214.8324,0.2500,0.0795,20.2966,20.3510,163.0086,GO
0xb2cc224c1c9fee385f8ad6a55b4d94e92359dc59,Aerodrome Slipstream WETH/USDC 0.05%,50,10,24,461.74,0.00264082,28483,1.0000,91732605.15,45866.3026,120.805664,121.124691,0.997366,0.002634,0.002634,0.385055,313.7365,314.5650,1.0000,0.0795,119.7262,120.0452,239.6113,GO
0xb2cc224c1c9fee385f8ad6a55b4d94e92359dc59,Aerodrome Slipstream WETH/USDC 0.05%,50,15,1,219.51,0.00125545,998,1.0000,2382080.08,1191.0400,1.493410,1.495285,0.998746,0.001254,0.001254,0.016044,93.0825,93.1994,0.0185,0.0795,1.3954,1.3973,159.2883,GO
0xb2cc224c1c9fee385f8ad6a55b4d94e92359dc59,Aerodrome Slipstream WETH/USDC 0.05%,50,15,6,219.51,0.00125545,6183,1.0000,15662207.19,7831.1036,9.819193,9.831520,0.998746,0.001254,0.001254,0.096264,102.0031,102.1312,0.1111,0.0795,9.6286,9.6409,174.7455,GO
0xb2cc224c1c9fee385f8ad6a55b4d94e92359dc59,Aerodrome Slipstream WETH/USDC 0.05%,50,15,24,219.51,0.00125545,28483,1.0000,91732605.15,45866.3026,57.510422,57.582623,0.998746,0.001254,0.001254,0.385055,149.3566,149.5441,0.4444,0.0795,56.9865,57.0587,256.7969,GO
0x72ab388e2e2f6facef59e3c3fa2c4e29011c2d38,PancakeSwap V3 WETH/USDC 0.01%,10,5,1,1721.74,0.00437963,1855,1.0000,879203.64,87.9204,0.383380,0.385059,0.995639,0.004361,0.004361,0.000515,744.8988,748.1612,0.0333,0.0795,0.2705,0.2722,21.0028,GO
0x72ab388e2e2f6facef59e3c3fa2c4e29011c2d38,PancakeSwap V3 WETH/USDC 0.01%,10,5,6,1721.74,0.00437963,13431,1.0000,5728953.13,572.8953,2.498131,2.509072,0.995639,0.004361,0.004361,0.003088,808.9689,812.5119,0.2000,0.0795,2.2186,2.2296,22.9813,GO
0x72ab388e2e2f6facef59e3c3fa2c4e29011c2d38,PancakeSwap V3 WETH/USDC 0.01%,10,5,24,1721.74,0.00437963,80378,1.0000,45150575.93,4515.0576,19.688074,19.774301,0.995639,0.004361,0.004361,0.012352,1593.8955,1600.8762,0.8000,0.0795,18.8086,18.8948,47.2202,GO
0x72ab388e2e2f6facef59e3c3fa2c4e29011c2d38,PancakeSwap V3 WETH/USDC 0.01%,10,10,1,461.74,0.00117453,1855,1.0000,879203.64,87.9204,0.103144,0.103265,0.998827,0.001173,0.001173,0.000515,200.4068,200.6422,0.0083,0.0795,0.0153,0.0154,22.7546,GO
0x72ab388e2e2f6facef59e3c3fa2c4e29011c2d38,PancakeSwap V3 WETH/USDC 0.01%,10,10,6,461.74,0.00117453,13431,1.0000,5728953.13,572.8953,0.672094,0.672884,0.998827,0.001173,0.001173,0.003088,217.6441,217.8998,0.0500,0.0795,0.5426,0.5434,24.8838,GO
0x72ab388e2e2f6facef59e3c3fa2c4e29011c2d38,PancakeSwap V3 WETH/USDC 0.01%,10,10,24,461.74,0.00117453,80378,1.0000,45150575.93,4515.0576,5.296858,5.303080,0.998827,0.001173,0.001173,0.012352,428.8200,429.3236,0.2000,0.0795,5.0174,5.0236,50.9686,GO
0x72ab388e2e2f6facef59e3c3fa2c4e29011c2d38,PancakeSwap V3 WETH/USDC 0.01%,10,15,1,219.51,0.00055837,1855,1.0000,879203.64,87.9204,0.049065,0.049092,0.999442,0.000558,0.000558,0.000515,95.3320,95.3852,0.0037,0.0795,-0.0341,-0.0341,24.4950,NEED_MORE_DATA
0x72ab388e2e2f6facef59e3c3fa2c4e29011c2d38,PancakeSwap V3 WETH/USDC 0.01%,10,15,6,219.51,0.00055837,13431,1.0000,5728953.13,572.8953,0.319710,0.319889,0.999442,0.000558,0.000558,0.003088,103.5316,103.5894,0.0222,0.0795,0.2180,0.2182,26.7739,GO
0x72ab388e2e2f6facef59e3c3fa2c4e29011c2d38,PancakeSwap V3 WETH/USDC 0.01%,10,15,24,219.51,0.00055837,80378,1.0000,45150575.93,4515.0576,2.519675,2.521082,0.999442,0.000558,0.000558,0.012352,203.9864,204.1003,0.0889,0.0795,2.3513,2.3527,54.6927,GO
0x72ab388e2e2f6facef59e3c3fa2c4e29011c2d38,PancakeSwap V3 WETH/USDC 0.01%,25,5,1,1721.74,0.01094909,1855,1.0000,879203.64,87.9204,0.952222,0.962648,0.989169,0.010831,0.010831,0.001287,740.0582,748.1612,0.0833,0.0795,0.7894,0.7998,20.8533,GO
0x72ab388e2e2f6facef59e3c3fa2c4e29011c2d38,PancakeSwap V3 WETH/USDC 0.01%,25,5,6,1721.74,0.01094909,13431,1.0000,5728953.13,572.8953,6.204744,6.272680,0.989169,0.010831,0.010831,0.007720,803.7120,812.5119,0.5000,0.0795,5.6252,5.6932,22.8190,GO
0x72ab388e2e2f6facef59e3c3fa2c4e29011c2d38,PancakeSwap V3 WETH/USDC 0.01%,25,5,24,1721.74,0.01094909,80378,1.0000,45150575.93,4515.0576,48.900338,49.435752,0.989169,0.010831,0.010831,0.030880,1583.5379,1600.8762,2.0000,0.0795,46.8208,47.3563,46.9003,GO
0x72ab388e2e2f6facef59e3c3fa2c4e29011c2d38,PancakeSwap V3 WETH/USDC 0.01%,25,10,1,461.74,0.00293633,1855,1.0000,879203.64,87.9204,0.257407,0.258163,0.997072,0.002928,0.002928,0.001287,200.0547,200.6422,0.0208,0.0795,0.1571,0.1578,22.7111,GO
0x72ab388e2e2f6facef59e3c3fa2c4e29011c2d38,PancakeSwap V3 WETH/USDC 0.01%,25,10,6,461.74,0.00293633,13431,1.0000,5728953.13,572.8953,1.677285,1.682210,0.997072,0.002928,0.002928,0.007720,217.2618,217.8998,0.1250,0.0795,1.4728,1.4777,24.8366,GO
0x72ab388e2e2f6facef59e3c3fa2c4e29011c2d38,PancakeSwap V3 WETH/USDC 0.01%,25,10,24,461.74,0.00293633,80378,1.0000,45150575.93,4515.0576,13.218884,13.257699,0.997072,0.002928,0.002928,0.030880,428.0667,429.3236,0.5000,0.0795,12.6394,12.6782,50.8755,GO
0x72ab388e2e2f6facef59e3c3fa2c4e29011c2d38,PancakeSwap V3 WETH/USDC 0.01%,25,15,1,219.51,0.00139593,1855,1.0000,879203.64,87.9204,0.122560,0.122731,0.998606,0.001394,0.001394,0.001287,95.2522,95.3852,0.0093,0.0795,0.0338,0.0340,24.4729,GO
0x72ab388e2e2f6facef59e3c3fa2c4e29011c2d38,PancakeSwap V3 WETH/USDC 0.01%,25,15,6,219.51,0.00139593,13431,1.0000,5728953.13,572.8953,0.798607,0.799722,0.998606,0.001394,0.001394,0.007720,103.4450,103.5894,0.0556,0.0795,0.6636,0.6647,26.7498,GO
0x72ab388e2e2f6facef59e3c3fa2c4e29011c2d38,PancakeSwap V3 WETH/USDC 0.01%,25,15,24,219.51,0.00139593,80378,1.0000,45150575.93,4515.0576,6.293918,6.302704,0.998606,0.001394,0.001394,0.030880,203.8157,204.1003,0.2222,0.0795,5.9922,6.0010,54.6453,GO
0x72ab388e2e2f6facef59e3c3fa2c4e29011c2d38,PancakeSwap V3 WETH/USDC 0.01%,50,5,1,1721.74,0.02189817,1855,1.0000,879203.64,87.9204,1.884038,1.925295,0.978571,0.021429,0.021429,0.002573,732.1289,748.1612,0.1667,0.0795,1.6379,1.6791,20.6085,GO
0x72ab388e2e2f6facef59e3c3fa2c4e29011c2d38,PancakeSwap V3 WETH/USDC 0.01%,50,5,6,1721.74,0.02189817,13431,1.0000,5728953.13,572.8953,12.276526,12.545360,0.978571,0.021429,0.021429,0.015440,795.1006,812.5119,1.0000,0.0795,11.1970,11.4659,22.5531,GO
0x72ab388e2e2f6facef59e3c3fa2c4e29011c2d38,PancakeSwap V3 WETH/USDC 0.01%,50,5,24,1721.74,0.02189817,80378,1.0000,45150575.93,4515.0576,96.752794,98.871504,0.978571,0.021429,0.021429,0.061761,1566.5712,1600.8762,4.0000,0.0795,92.6733,94.7920,46.3764,GO
0x72ab388e2e2f6facef59e3c3fa2c4e29011c2d38,PancakeSwap V3 WETH/USDC 0.01%,50,10,1,461.74,0.00587266,1855,1.0000,879203.64,87.9204,0.513312,0.516326,0.994162,0.005838,0.005838,0.002573,199.4707,200.6422,0.0417,0.0795,0.3921,0.3952,22.6390,GO
0x72ab388e2e2f6facef59e3c3fa2c4e29011c2d38,PancakeSwap V3 WETH/USDC 0.01%,50,10,6,461.74,0.00587266,13431,1.0000,5728953.13,572.8953,3.344777,3.364419,0.994162,0.005838,0.005838,0.015440,216.6276,217.8998,0.2500,0.0795,3.0153,3.0349,24.7582,GO
0x72ab388e2e2f6facef59e3c3fa2c4e29011c2d38,PancakeSwap V3 WETH/USDC 0.01%,50,10,24,461.74,0.00587266,80378,1.0000,45150575.93,4515.0576,26.360592,26.515399,0.994162,0.005838,0.005838,0.061761,426.8171,429.3236,1.0000,0.0795,25.2811,25.4359,50.7212,GO
0x72ab388e2e2f6facef59e3c3fa2c4e29011c2d38,PancakeSwap V3 WETH/USDC 0.01%,50,15,1,219.51,0.00279186,1855,1.0000,879203.64,87.9204,0.244778,0.245461,0.997216,0.002784,0.002784,0.002573,95.1196,95.3852,0.0185,0.0795,0.1468,0.1474,24.4360,GO
0x72ab388e2e2f6facef59e3c3fa2c4e29011c2d38,PancakeSwap V3 WETH/USDC 0.01%,50,15,6,219.51,0.00279186,13431,1.0000,5728953.13,572.8953,1.594990,1.599443,0.997216,0.002784,0.002784,0.015440,103.3010,103.5894,0.1111,0.0795,1.4044,1.4088,26.7098,GO
0x72ab388e2e2f6facef59e3c3fa2c4e29011c2d38,PancakeSwap V3 WETH/USDC 0.01%,50,15,24,219.51,0.00279186,80378,1.0000,45150575.93,4515.0576,12.570314,12.605408,0.997216,0.002784,0.002784,0.061761,203.5320,204.1003,0.4444,0.0795,12.0464,12.0815,54.5664,GO
0xb775272e537cc670c65dc852908ad47015244eaf,PancakeSwap V3 WETH/USDC 0.05%,10,5,1,1721.74,0.01312360,170,1.0000,45949.78,22.9749,0.297608,0.301513,0.987046,0.012954,0.012954,0.000927,320.9187,325.1303,0.0333,0.0795,0.1848,0.1887,15.8565,GO
0xb775272e537cc670c65dc852908ad47015244eaf,PancakeSwap V3 WETH/USDC 0.05%,10,5,6,1721.74,0.01312360,981,1.0000,288545.16,144.2726,1.868850,1.893376,0.987046,0.012954,0.012954,0.005564,335.8722,340.2800,0.2000,0.0795,1.5893,1.6139,16.6885,GO
0xb775272e537cc670c65dc852908ad47015244eaf,PancakeSwap V3 WETH/USDC 0.05%,10,5,24,1721.74,0.01312360,6819,1.0000,2752167.38,1376.0837,17.825245,18.059176,0.987046,0.012954,0.012954,0.022257,800.8941,811.4047,0.8000,0.0795,16.9457,17.1797,42.5631,GO
0xb775272e537cc670c65dc852908ad47015244eaf,PancakeSwap V3 WETH/USDC 0.05%,10,10,1,461.74,0.00351949,170,1.0000,45949.78,22.9749,0.080576,0.080860,0.996493,0.003507,0.003507,0.000927,86.8878,87.1936,0.0083,0.0795,-0.0073,-0.0070,17.3383,NEED_MORE_DATA
0xb775272e537cc670c65dc852908ad47015244eaf,PancakeSwap V3 WETH/USDC 0.05%,10,10,6,461.74,0.00351949,981,1.0000,288545.16,144.2726,0.505986,0.507766,0.996493,0.003507,0.003507,0.005564,90.9364,91.2564,0.0500,0.0795,0.3765,0.3783,18.2394,GO
0xb775272e537cc670c65dc852908ad47015244eaf,PancakeSwap V3 WETH/USDC 0.05%,10,10,24,461.74,0.00351949,6819,1.0000,2752167.38,1376.0837,4.826131,4.843117,0.996493,0.003507,0.003507,0.022257,216.8397,217.6028,0.2000,0.0795,4.5466,4.5636,46.2613,GO
0xb775272e537cc670c65dc852908ad47015244eaf,PancakeSwap V3 WETH/USDC 0.05%,10,15,1,219.51,0.00167317,170,1.0000,45949.78,22.9749,0.038377,0.038441,0.998330,0.001670,0.001670,0.000927,41.3825,41.4518,0.0037,0.0795,-0.0448,-0.0448,18.7234,NEED_MORE_DATA
0xb775272e537cc670c65dc852908ad47015244eaf,PancakeSwap V3 WETH/USDC 0.05%,10,15,6,219.51,0.00167317,981,1.0000,288545.16,144.2726,0.240989,0.241392,0.998330,0.001670,0.001670,0.005564,43.3108,43.3833,0.0222,0.0795,0.1393,0.1397,19.6890,GO
0xb775272e537cc670c65dc852908ad47015244eaf,PancakeSwap V3 WETH/USDC 0.05%,10,15,24,219.51,0.00167317,6819,1.0000,2752167.38,1376.0837,2.298570,2.302416,0.998330,0.001670,0.001670,0.022257,103.2755,103.4483,0.0889,0.0795,2.1302,2.1340,49.7178,GO
0xb775272e537cc670c65dc852908ad47015244eaf,PancakeSwap V3 WETH/USDC 0.05%,25,5,1,1721.74,0.03280901,170,1.0000,45949.78,22.9749,0.729838,0.753783,0.968233,0.031767,0.031767,0.002318,314.8019,325.1303,0.0833,0.0795,0.5670,0.5910,15.5161,GO
0xb775272e537cc670c65dc852908ad47015244eaf,PancakeSwap V3 WETH/USDC 0.05%,25,5,6,1721.74,0.03280901,981,1.0000,288545.16,144.2726,4.583074,4.733440,0.968233,0.031767,0.031767,0.013910,329.4704,340.2800,0.5000,0.0795,4.0036,4.1539,16.3323,GO
0xb775272e537cc670c65dc852908ad47015244eaf,PancakeSwap V3 WETH/USDC 0.05%,25,5,24,1721.74,0.03280901,6819,1.0000,2752167.38,1376.0837,43.713736,45.147940,0.968233,0.031767,0.031767,0.055642,785.6290,811.4047,2.0000,0.0795,41.6342,43.0684,41.7137,GO
0xb775272e537cc670c65dc852908ad47015244eaf,PancakeSwap V3 WETH/USDC 0.05%,25,10,1,461.74,0.00879873,170,1.0000,45949.78,22.9749,0.200387,0.202150,0.991278,0.008722,0.008722,0.002318,86.4331,87.1936,0.0208,0.0795,0.1001,0.1018,17.2371,GO
0xb775272e537cc670c65dc852908ad47015244eaf,PancakeSwap V3 WETH/USDC 0.05%,25,10,6,461.74,0.00879873,981,1.0000,288545.16,144.2726,1.258344,1.269416,0.991278,0.008722,0.008722,0.013910,90.4605,91.2564,0.1250,0.0795,1.0538,1.0649,18.1335,GO
0xb775272e537cc670c65dc852908ad47015244eaf,PancakeSwap V3 WETH/USDC 0.05%,25,10,24,461.74,0.00879873,6819,1.0000,2752167.38,1376.0837,12.002188,12.107792,0.991278,0.008722,0.008722,0.055642,215.7049,217.6028,0.5000,0.0795,11.4227,11.5283,46.0088,GO
0xb775272e537cc670c65dc852908ad47015244eaf,PancakeSwap V3 WETH/USDC 0.05%,25,15,1,219.51,0.00418291,170,1.0000,45949.78,22.9749,0.095702,0.096102,0.995835,0.004165,0.004165,0.002318,41.2791,41.4518,0.0093,0.0795,0.0069,0.0073,18.6716,GO
0xb775272e537cc670c65dc852908ad47015244eaf,PancakeSwap V3 WETH/USDC 0.05%,25,15,6,219.51,0.00418291,981,1.0000,288545.16,144.2726,0.600966,0.603480,0.995835,0.004165,0.004165,0.013910,43.2026,43.3833,0.0556,0.0795,0.4659,0.4684,19.6348,GO
0xb775272e537cc670c65dc852908ad47015244eaf,PancakeSwap V3 WETH/USDC 0.05%,25,15,24,219.51,0.00418291,6819,1.0000,2752167.38,1376.0837,5.732062,5.756039,0.995835,0.004165,0.004165,0.055642,103.0174,103.4483,0.2222,0.0795,5.4303,5.4543,49.5886,GO
0xb775272e537cc670c65dc852908ad47015244eaf,PancakeSwap V3 WETH/USDC 0.05%,50,5,1,1721.74,0.06561801,170,1.0000,45949.78,22.9749,1.414735,1.507567,0.938423,0.061577,0.061577,0.004637,305.1096,325.1303,0.1667,0.0795,1.1686,1.2614,14.9768,GO
0xb775272e537cc670c65dc852908ad47015244eaf,PancakeSwap V3 WETH/USDC 0.05%,50,5,6,1721.74,0.06561801,981,1.0000,288545.16,144.2726,8.883934,9.466880,0.938423,0.061577,0.061577,0.027821,319.3265,340.2800,1.0000,0.0795,7.8044,8.3874,15.7679,GO
0xb775272e537cc670c65dc852908ad47015244eaf,PancakeSwap V3 WETH/USDC 0.05%,50,5,24,1721.74,0.06561801,6819,1.0000,2752167.38,1376.0837,84.735692,90.295880,0.938423,0.061577,0.061577,0.111283,761.4405,811.4047,4.0000,0.0795,80.6562,86.2164,40.3678,GO
0xb775272e537cc670c65dc852908ad47015244eaf,PancakeSwap V3 WETH/USDC 0.05%,50,10,1,461.74,0.01759747,170,1.0000,45949.78,22.9749,0.397308,0.404300,0.982707,0.017293,0.017293,0.004637,85.6857,87.1936,0.0417,0.0795,0.2761,0.2831,17.0708,GO
0xb775272e537cc670c65dc852908ad47015244eaf,PancakeSwap V3 WETH/USDC 0.05%,50,10,6,461.74,0.01759747,981,1.0000,288545.16,144.2726,2.494927,2.538832,0.982707,0.017293,0.017293,0.027821,89.6783,91.2564,0.2500,0.0795,2.1654,2.2093,17.9594,GO
0xb775272e537cc670c65dc852908ad47015244eaf,PancakeSwap V3 WETH/USDC 0.05%,50,10,24,461.74,0.01759747,6819,1.0000,2752167.38,1376.0837,23.796821,24.215585,0.982707,0.017293,0.017293,0.111283,213.8398,217.6028,1.0000,0.0795,22.7173,23.1361,45.5936,GO
0xb775272e537cc670c65dc852908ad47015244eaf,PancakeSwap V3 WETH/USDC 0.05%,50,15,1,219.51,0.00836583,170,1.0000,45949.78,22.9749,0.190609,0.192204,0.991704,0.008296,0.008296,0.004637,41.1079,41.4518,0.0185,0.0795,0.0926,0.0942,18.5858,GO
0xb775272e537cc670c65dc852908ad47015244eaf,PancakeSwap V3 WETH/USDC 0.05%,50,15,6,219.51,0.00836583,981,1.0000,288545.16,144.2726,1.196946,1.206959,0.991704,0.008296,0.008296,0.027821,43.0233,43.3833,0.1111,0.0795,1.0063,1.0163,19.5450,GO
0xb775272e537cc670c65dc852908ad47015244eaf,PancakeSwap V3 WETH/USDC 0.05%,50,15,24,219.51,0.00836583,6819,1.0000,2752167.38,1376.0837,11.416569,11.512078,0.991704,0.008296,0.008296,0.111283,102.5900,103.4483,0.4444,0.0795,10.8926,10.9881,49.3746,GO
