run_id,pool_id,token_pair,chain,protocol,pool_type,fee_tier,quote_method,quote_side,virtual_notional_usd,token_in,token_in_symbol,token_out,token_out_symbol,token_in_decimals,token_usd_anchor_source,token_usd_anchor_price,amount_in_token,amount_in_raw,amount_in_raw_valid,amount_out_raw,amount_out_usd,estimated_slippage_pct,estimated_price_impact_pct,sqrt_price_x96_after,initialized_ticks_crossed,gas_estimate,quote_block_number,quote_ts,quote_success,confidence,invalid_reason,read_only_safe,wallet_or_tx_touched,created_at,staticcall_variant,selector,calldata_hash,revert_data_len,revert_decoded,error_type
20260601_173837,0x172fcD41E0913e95784454622d1c3724f546f849,WBNB/USDT,BSC,PancakeSwap V3,concentrated_liquidity,100,quoter_v2_staticcall,token0_to_token1,20,0xbb4CdB9CBd36B01bD1cBaEBF2De08d9173bc095c,WBNB,0x55d398326f99059fF775485246999027B3197955,USDT,18,slot0_pool_anchor:0x1401ff943D08a7E098328C1d3a9d388923B115D2:WBNB/USDT | slot0_pool_anchor:0x172fcD41E0913e95784454622d1c3724f546f849:WBNB/USDT | slot0_pool_anchor:0x18C5aFFA481e7EDbF37405AdE553827d6387899f:WBNB/USDC | slot0_pool_anchor:0x36696169C63e42cd08ce11f5deeBbCeBae652050:WBNB/USDT | slot0_pool_anchor:0x6805E0E5333c5c3acCF2930Be4734E2b98f4Ce06:WBNB/USDT | slot0_pool_anchor:0x81A9b5F18179cE2bf8f001b8a634Db80771F1824:WBNB/USDC | slot0_pool_anchor:0xc721dECCD986D54B39e8c29428A1f06155c3671e:WBNB/USDC | slot0_pool_anchor:0xf2688Fb5B81049DFB7703aDa5e770543770612C4:WBNB/USDC,685.6397874332431,0.02916983577465928,29169835774659281,yes,20004263926152911513,13715.719266085975,0.0,,3025266348791654977717714670,1,92237,101731063,1780335548,yes,high,,yes,no,1780335548,"quoteExactInputSingle((address,address,uint256,uint24,uint160))",0xc6a5026a,0x208e2db42fa0cd89827491b96c1993a5b67eee23e7257cf63de42c641707b56a,0,,
20260601_173837,0x172fcD41E0913e95784454622d1c3724f546f849,WBNB/USDT,BSC,PancakeSwap V3,concentrated_liquidity,100,quoter_v2_staticcall,token0_to_token1,100,0xbb4CdB9CBd36B01bD1cBaEBF2De08d9173bc095c,WBNB,0x55d398326f99059fF775485246999027B3197955,USDT,18,slot0_pool_anchor:0x1401ff943D08a7E098328C1d3a9d388923B115D2:WBNB/USDT | slot0_pool_anchor:0x172fcD41E0913e95784454622d1c3724f546f849:WBNB/USDT | slot0_pool_anchor:0x18C5aFFA481e7EDbF37405AdE553827d6387899f:WBNB/USDC | slot0_pool_anchor:0x36696169C63e42cd08ce11f5deeBbCeBae652050:WBNB/USDT | slot0_pool_anchor:0x6805E0E5333c5c3acCF2930Be4734E2b98f4Ce06:WBNB/USDT | slot0_pool_anchor:0x81A9b5F18179cE2bf8f001b8a634Db80771F1824:WBNB/USDC | slot0_pool_anchor:0xc721dECCD986D54B39e8c29428A1f06155c3671e:WBNB/USDC | slot0_pool_anchor:0xf2688Fb5B81049DFB7703aDa5e770543770612C4:WBNB/USDC,685.6397874332431,0.1458491788732964,145849178873296408,yes,100021561854297522108,68578.76240852154,0.0,,3025263925706859590764966806,1,92237,101731063,1780335549,yes,high,,yes,no,1780335549,"quoteExactInputSingle((address,address,uint256,uint24,uint160))",0xc6a5026a,0x807c4a1610cd6bc94ad991116b8229f13693e158cc6cf9f5ca155239790be426,0,,
20260601_173837,0x172fcD41E0913e95784454622d1c3724f546f849,WBNB/USDT,BSC,PancakeSwap V3,concentrated_liquidity,100,quoter_v2_staticcall,token0_to_token1,500,0xbb4CdB9CBd36B01bD1cBaEBF2De08d9173bc095c,WBNB,0x55d398326f99059fF775485246999027B3197955,USDT,18,slot0_pool_anchor:0x1401ff943D08a7E098328C1d3a9d388923B115D2:WBNB/USDT | slot0_pool_anchor:0x172fcD41E0913e95784454622d1c3724f546f849:WBNB/USDT | slot0_pool_anchor:0x18C5aFFA481e7EDbF37405AdE553827d6387899f:WBNB/USDC | slot0_pool_anchor:0x36696169C63e42cd08ce11f5deeBbCeBae652050:WBNB/USDT | slot0_pool_anchor:0x6805E0E5333c5c3acCF2930Be4734E2b98f4Ce06:WBNB/USDT | slot0_pool_anchor:0x81A9b5F18179cE2bf8f001b8a634Db80771F1824:WBNB/USDC | slot0_pool_anchor:0xc721dECCD986D54B39e8c29428A1f06155c3671e:WBNB/USDC | slot0_pool_anchor:0xf2688Fb5B81049DFB7703aDa5e770543770612C4:WBNB/USDC,685.6397874332431,0.729245894366482,729245894366482043,yes,500106371020073155553,342892.82592021354,0.0,,3025274476277369011057918240,1,91215,101731063,1780335549,yes,high,,yes,no,1780335549,"quoteExactInputSingle((address,address,uint256,uint24,uint160))",0xc6a5026a,0x11f2f3ed0145766b712e2c3c8a337005a3adbc41ba575bd8cddcd1cd245de3f3,0,,
20260601_173837,0x172fcD41E0913e95784454622d1c3724f546f849,WBNB/USDT,BSC,PancakeSwap V3,concentrated_liquidity,100,quoter_v2_staticcall,token0_to_token1,1000,0xbb4CdB9CBd36B01bD1cBaEBF2De08d9173bc095c,WBNB,0x55d398326f99059fF775485246999027B3197955,USDT,18,slot0_pool_anchor:0x1401ff943D08a7E098328C1d3a9d388923B115D2:WBNB/USDT | slot0_pool_anchor:0x172fcD41E0913e95784454622d1c3724f546f849:WBNB/USDT | slot0_pool_anchor:0x18C5aFFA481e7EDbF37405AdE553827d6387899f:WBNB/USDC | slot0_pool_anchor:0x36696169C63e42cd08ce11f5deeBbCeBae652050:WBNB/USDT | slot0_pool_anchor:0x6805E0E5333c5c3acCF2930Be4734E2b98f4Ce06:WBNB/USDT | slot0_pool_anchor:0x81A9b5F18179cE2bf8f001b8a634Db80771F1824:WBNB/USDC | slot0_pool_anchor:0xc721dECCD986D54B39e8c29428A1f06155c3671e:WBNB/USDC | slot0_pool_anchor:0xf2688Fb5B81049DFB7703aDa5e770543770612C4:WBNB/USDC,685.6397874332431,1.458491788732964,1458491788732964086,yes,1000221760166051087886,685791.8350263556,0.0,,3025268588684781460501373267,1,139071,101731063,1780335549,yes,medium,,yes,no,1780335549,"quoteExactInputSingle((address,address,uint256,uint24,uint160))",0xc6a5026a,0x2ec93ac1d2287b78a987ed8f2f2649576a64c617d80f2083a504218da50a6e4f,0,,
20260601_173837,0x172fcD41E0913e95784454622d1c3724f546f849,WBNB/USDT,BSC,PancakeSwap V3,concentrated_liquidity,100,quoter_v2_staticcall,token0_to_token1,2000,0xbb4CdB9CBd36B01bD1cBaEBF2De08d9173bc095c,WBNB,0x55d398326f99059fF775485246999027B3197955,USDT,18,slot0_pool_anchor:0x1401ff943D08a7E098328C1d3a9d388923B115D2:WBNB/USDT | slot0_pool_anchor:0x172fcD41E0913e95784454622d1c3724f546f849:WBNB/USDT | slot0_pool_anchor:0x18C5aFFA481e7EDbF37405AdE553827d6387899f:WBNB/USDC | slot0_pool_anchor:0x36696169C63e42cd08ce11f5deeBbCeBae652050:WBNB/USDT | slot0_pool_anchor:0x6805E0E5333c5c3acCF2930Be4734E2b98f4Ce06:WBNB/USDT | slot0_pool_anchor:0x81A9b5F18179cE2bf8f001b8a634Db80771F1824:WBNB/USDC | slot0_pool_anchor:0xc721dECCD986D54B39e8c29428A1f06155c3671e:WBNB/USDC | slot0_pool_anchor:0xf2688Fb5B81049DFB7703aDa5e770543770612C4:WBNB/USDC,685.6397874332431,2.916983577465928,2916983577465928172,yes,2000418604511212108892,1371566.5867745723,0.0,,3025302929972166200672181035,1,144459,101731063,1780335550,yes,medium,,yes,no,1780335550,"quoteExactInputSingle((address,address,uint256,uint24,uint160))",0xc6a5026a,0x401ace8e14ca3c1c86772f0ca4036c1cdf227de88b81cb75f1514a43e9171562,0,,
20260601_173837,0x172fcD41E0913e95784454622d1c3724f546f849,WBNB/USDT,BSC,PancakeSwap V3,concentrated_liquidity,100,quoter_v2_staticcall,token1_to_token0,20,0x55d398326f99059fF775485246999027B3197955,USDT,0xbb4CdB9CBd36B01bD1cBaEBF2De08d9173bc095c,WBNB,18,stable_anchor,1.0,20.0,20000000000000000000,yes,29157504134029417,0.029157504134029417,99.85421247932986,,3025251118405171307700261403,1,92724,101731063,1780335550,yes,high,,yes,no,1780335550,"quoteExactInputSingle((address,address,uint256,uint24,uint160))",0xc6a5026a,0x4f40f155bf23faeb872d248202bf9889e4fe2abfe4e9840baa488b8d206aac76,0,,
20260601_173837,0x172fcD41E0913e95784454622d1c3724f546f849,WBNB/USDT,BSC,PancakeSwap V3,concentrated_liquidity,100,quoter_v2_staticcall,token1_to_token0,100,0x55d398326f99059fF775485246999027B3197955,USDT,0xbb4CdB9CBd36B01bD1cBaEBF2De08d9173bc095c,WBNB,18,stable_anchor,1.0,100.0,100000000000000000000,yes,145793867099084824,0.14579386709908482,99.85420613290091,,3025315725632376096806866998,1,91721,101731063,1780335551,yes,high,,yes,no,1780335551,"quoteExactInputSingle((address,address,uint256,uint24,uint160))",0xc6a5026a,0xacb6f3e7410a89f811043588c76896bff59bbc36277045d212e6bdf78f3401db,0,,
20260601_173837,0x172fcD41E0913e95784454622d1c3724f546f849,WBNB/USDT,BSC,PancakeSwap V3,concentrated_liquidity,100,quoter_v2_staticcall,token1_to_token0,500,0x55d398326f99059fF775485246999027B3197955,USDT,0xbb4CdB9CBd36B01bD1cBaEBF2De08d9173bc095c,WBNB,18,stable_anchor,1.0,500.0,500000000000000000000,yes,729112105234949912,0.72911210523495,99.85417757895301,,3025605769137659521974321204,1,92715,101731063,1780335551,yes,high,,yes,no,1780335551,"quoteExactInputSingle((address,address,uint256,uint24,uint160))",0xc6a5026a,0x56ce7ea523dd815c8eec63da4392d300eeba779635da95655f938e83876c33e7,0,,
20260601_173837,0x172fcD41E0913e95784454622d1c3724f546f849,WBNB/USDT,BSC,PancakeSwap V3,concentrated_liquidity,100,quoter_v2_staticcall,token1_to_token0,1000,0x55d398326f99059fF775485246999027B3197955,USDT,0xbb4CdB9CBd36B01bD1cBaEBF2De08d9173bc095c,WBNB,18,stable_anchor,1.0,1000.0,1000000000000000000000,yes,1458216741948074838,1.458216741948075,99.8541783258052,,3025590273027693463763563721,1,92715,101731063,1780335552,yes,medium,,yes,no,1780335552,"quoteExactInputSingle((address,address,uint256,uint24,uint160))",0xc6a5026a,0xb990b631d0be9c5c5da7ac20ea1bb98815ac95ea3048916b8c61fe12e62ad522,0,,
20260601_173837,0x172fcD41E0913e95784454622d1c3724f546f849,WBNB/USDT,BSC,PancakeSwap V3,concentrated_liquidity,100,quoter_v2_staticcall,token1_to_token0,2000,0x55d398326f99059fF775485246999027B3197955,USDT,0xbb4CdB9CBd36B01bD1cBaEBF2De08d9173bc095c,WBNB,18,stable_anchor,1.0,2000.0,2000000000000000000000,yes,2916386661240777997,2.916386661240778,99.85418066693796,,3025550488367412041130748259,1,145889,101731063,1780335552,yes,medium,,yes,no,1780335552,"quoteExactInputSingle((address,address,uint256,uint24,uint160))",0xc6a5026a,0x42a284ca197015520ecdbeaed985eefc464f8e0e28b40550f0a85a72ed540a08,0,,
20260601_173837,0x36696169C63e42cd08ce11f5deeBbCeBae652050,WBNB/USDT,BSC,PancakeSwap V3,concentrated_liquidity,500,quoter_v2_staticcall,token0_to_token1,20,0xbb4CdB9CBd36B01bD1cBaEBF2De08d9173bc095c,WBNB,0x55d398326f99059fF775485246999027B3197955,USDT,18,slot0_pool_anchor:0x1401ff943D08a7E098328C1d3a9d388923B115D2:WBNB/USDT | slot0_pool_anchor:0x172fcD41E0913e95784454622d1c3724f546f849:WBNB/USDT | slot0_pool_anchor:0x18C5aFFA481e7EDbF37405AdE553827d6387899f:WBNB/USDC | slot0_pool_anchor:0x36696169C63e42cd08ce11f5deeBbCeBae652050:WBNB/USDT | slot0_pool_anchor:0x6805E0E5333c5c3acCF2930Be4734E2b98f4Ce06:WBNB/USDT | slot0_pool_anchor:0x81A9b5F18179cE2bf8f001b8a634Db80771F1824:WBNB/USDC | slot0_pool_anchor:0xc721dECCD986D54B39e8c29428A1f06155c3671e:WBNB/USDC | slot0_pool_anchor:0xf2688Fb5B81049DFB7703aDa5e770543770612C4:WBNB/USDC,685.6397874332431,0.02916983577465928,29169835774659281,yes,20001664583791168721,13713.937053541604,0.0,,3024864054176823521743092101,1,115381,101731069,1780335552,yes,high,,yes,no,1780335552,"quoteExactInputSingle((address,address,uint256,uint24,uint160))",0xc6a5026a,0xf538a5ca6bdff80b949dfc4c6ed3385e464ff4c60a073980fcc616545c384097,0,,
20260601_173837,0x36696169C63e42cd08ce11f5deeBbCeBae652050,WBNB/USDT,BSC,PancakeSwap V3,concentrated_liquidity,500,quoter_v2_staticcall,token0_to_token1,100,0xbb4CdB9CBd36B01bD1cBaEBF2De08d9173bc095c,WBNB,0x55d398326f99059fF775485246999027B3197955,USDT,18,slot0_pool_anchor:0x1401ff943D08a7E098328C1d3a9d388923B115D2:WBNB/USDT | slot0_pool_anchor:0x172fcD41E0913e95784454622d1c3724f546f849:WBNB/USDT | slot0_pool_anchor:0x18C5aFFA481e7EDbF37405AdE553827d6387899f:WBNB/USDC | slot0_pool_anchor:0x36696169C63e42cd08ce11f5deeBbCeBae652050:WBNB/USDT | slot0_pool_anchor:0x6805E0E5333c5c3acCF2930Be4734E2b98f4Ce06:WBNB/USDT | slot0_pool_anchor:0x81A9b5F18179cE2bf8f001b8a634Db80771F1824:WBNB/USDC | slot0_pool_anchor:0xc721dECCD986D54B39e8c29428A1f06155c3671e:WBNB/USDC | slot0_pool_anchor:0xf2688Fb5B81049DFB7703aDa5e770543770612C4:WBNB/USDC,685.6397874332431,0.1458491788732964,145849178873296408,yes,99999709762708698371,68563.7797450896,0.0,,3025020956417567430707975722,1,92176,101731069,1780335553,yes,high,,yes,no,1780335553,"quoteExactInputSingle((address,address,uint256,uint24,uint160))",0xc6a5026a,0x18272d0f251c9ca95eea0f650d3cd12e23d7aee8ec62931c132f2354b7ba94b9,0,,
20260601_173837,0x36696169C63e42cd08ce11f5deeBbCeBae652050,WBNB/USDT,BSC,PancakeSwap V3,concentrated_liquidity,500,quoter_v2_staticcall,token0_to_token1,500,0xbb4CdB9CBd36B01bD1cBaEBF2De08d9173bc095c,WBNB,0x55d398326f99059fF775485246999027B3197955,USDT,18,slot0_pool_anchor:0x1401ff943D08a7E098328C1d3a9d388923B115D2:WBNB/USDT | slot0_pool_anchor:0x172fcD41E0913e95784454622d1c3724f546f849:WBNB/USDT | slot0_pool_anchor:0x18C5aFFA481e7EDbF37405AdE553827d6387899f:WBNB/USDC | slot0_pool_anchor:0x36696169C63e42cd08ce11f5deeBbCeBae652050:WBNB/USDT | slot0_pool_anchor:0x6805E0E5333c5c3acCF2930Be4734E2b98f4Ce06:WBNB/USDT | slot0_pool_anchor:0x81A9b5F18179cE2bf8f001b8a634Db80771F1824:WBNB/USDC | slot0_pool_anchor:0xc721dECCD986D54B39e8c29428A1f06155c3671e:WBNB/USDC | slot0_pool_anchor:0xf2688Fb5B81049DFB7703aDa5e770543770612C4:WBNB/USDC,685.6397874332431,0.729245894366482,729245894366482043,yes,499955030951239751000,342789.0611475885,0.0,,3025256676791064196294352066,1,140987,101731069,1780335553,yes,high,,yes,no,1780335553,"quoteExactInputSingle((address,address,uint256,uint24,uint160))",0xc6a5026a,0xa359031e8ae86fdbc7594d806b6621815df6378ac0a014e231cb298fdc149f68,0,,
20260601_173837,0x36696169C63e42cd08ce11f5deeBbCeBae652050,WBNB/USDT,BSC,PancakeSwap V3,concentrated_liquidity,500,quoter_v2_staticcall,token0_to_token1,1000,0xbb4CdB9CBd36B01bD1cBaEBF2De08d9173bc095c,WBNB,0x55d398326f99059fF775485246999027B3197955,USDT,18,slot0_pool_anchor:0x1401ff943D08a7E098328C1d3a9d388923B115D2:WBNB/USDT | slot0_pool_anchor:0x172fcD41E0913e95784454622d1c3724f546f849:WBNB/USDT | slot0_pool_anchor:0x18C5aFFA481e7EDbF37405AdE553827d6387899f:WBNB/USDC | slot0_pool_anchor:0x36696169C63e42cd08ce11f5deeBbCeBae652050:WBNB/USDT | slot0_pool_anchor:0x6805E0E5333c5c3acCF2930Be4734E2b98f4Ce06:WBNB/USDT | slot0_pool_anchor:0x81A9b5F18179cE2bf8f001b8a634Db80771F1824:WBNB/USDC | slot0_pool_anchor:0xc721dECCD986D54B39e8c29428A1f06155c3671e:WBNB/USDC | slot0_pool_anchor:0xf2688Fb5B81049DFB7703aDa5e770543770612C4:WBNB/USDC,685.6397874332431,1.458491788732964,1458491788732964086,yes,999828543787788334702,685522.2302323482,0.0,,3025291609909554865860740274,1,139965,101731069,1780335554,yes,medium,,yes,no,1780335554,"quoteExactInputSingle((address,address,uint256,uint24,uint160))",0xc6a5026a,0xbfe135a1d66ec4ed4c47eb8c1454225cd0c5a3b0c149df5ce50f20fe1a912e42,0,,
20260601_173837,0x36696169C63e42cd08ce11f5deeBbCeBae652050,WBNB/USDT,BSC,PancakeSwap V3,concentrated_liquidity,500,quoter_v2_staticcall,token0_to_token1,2000,0xbb4CdB9CBd36B01bD1cBaEBF2De08d9173bc095c,WBNB,0x55d398326f99059fF775485246999027B3197955,USDT,18,slot0_pool_anchor:0x1401ff943D08a7E098328C1d3a9d388923B115D2:WBNB/USDT | slot0_pool_anchor:0x172fcD41E0913e95784454622d1c3724f546f849:WBNB/USDT | slot0_pool_anchor:0x18C5aFFA481e7EDbF37405AdE553827d6387899f:WBNB/USDC | slot0_pool_anchor:0x36696169C63e42cd08ce11f5deeBbCeBae652050:WBNB/USDT | slot0_pool_anchor:0x6805E0E5333c5c3acCF2930Be4734E2b98f4Ce06:WBNB/USDT | slot0_pool_anchor:0x81A9b5F18179cE2bf8f001b8a634Db80771F1824:WBNB/USDC | slot0_pool_anchor:0xc721dECCD986D54B39e8c29428A1f06155c3671e:WBNB/USDC | slot0_pool_anchor:0xf2688Fb5B81049DFB7703aDa5e770543770612C4:WBNB/USDC,685.6397874332431,2.916983577465928,2916983577465928172,yes,1999607627434018965950,1371010.5486237523,0.0,,3025343310537543389800807758,1,164832,101731069,1780335554,yes,medium,,yes,no,1780335554,"quoteExactInputSingle((address,address,uint256,uint24,uint160))",0xc6a5026a,0xcd72f5972560e44ca8d530e4558fa1042e2c335c4c22c6e8eb415a2b1d9d5f58,0,,
20260601_173837,0x36696169C63e42cd08ce11f5deeBbCeBae652050,WBNB/USDT,BSC,PancakeSwap V3,concentrated_liquidity,500,quoter_v2_staticcall,token1_to_token0,20,0x55d398326f99059fF775485246999027B3197955,USDT,0xbb4CdB9CBd36B01bD1cBaEBF2De08d9173bc095c,WBNB,18,stable_anchor,1.0,20.0,20000000000000000000,yes,29142242072446278,0.029142242072446277,99.85428878963776,,3025058041061345765120438683,1,115901,101731069,1780335555,yes,high,,yes,no,1780335555,"quoteExactInputSingle((address,address,uint256,uint24,uint160))",0xc6a5026a,0x6a41f2ece4fd921be9b65269d201fb620a98f9c023db2d4777e6ac7925ff4a51,0,,
20260601_173837,0x36696169C63e42cd08ce11f5deeBbCeBae652050,WBNB/USDT,BSC,PancakeSwap V3,concentrated_liquidity,500,quoter_v2_staticcall,token1_to_token0,100,0x55d398326f99059fF775485246999027B3197955,USDT,0xbb4CdB9CBd36B01bD1cBaEBF2De08d9173bc095c,WBNB,18,stable_anchor,1.0,100.0,100000000000000000000,yes,145708645492025943,0.14570864549202595,99.85429135450798,,3025004792713329300238746295,1,115865,101731069,1780335555,yes,high,,yes,no,1780335555,"quoteExactInputSingle((address,address,uint256,uint24,uint160))",0xc6a5026a,0xbd072a7f4ee866c0f62a7fe8c713c7eab918be7edc9cb91c1fe022909021661c,0,,
20260601_173837,0x36696169C63e42cd08ce11f5deeBbCeBae652050,WBNB/USDT,BSC,PancakeSwap V3,concentrated_liquidity,500,quoter_v2_staticcall,token1_to_token0,500,0x55d398326f99059fF775485246999027B3197955,USDT,0xbb4CdB9CBd36B01bD1cBaEBF2De08d9173bc095c,WBNB,18,stable_anchor,1.0,500.0,500000000000000000000,yes,728479112476586676,0.7284791124765867,99.85430417750469,,3024738579089769055146148731,1,124580,101731069,1780335555,yes,high,,yes,no,1780335555,"quoteExactInputSingle((address,address,uint256,uint24,uint160))",0xc6a5026a,0x40c8019c24294f1b1593bc829102ea7a1ce1e155d02987d11ec17b3882e2c7b4,0,,
20260601_173837,0x36696169C63e42cd08ce11f5deeBbCeBae652050,WBNB/USDT,BSC,PancakeSwap V3,concentrated_liquidity,500,quoter_v2_staticcall,token1_to_token0,1000,0x55d398326f99059fF775485246999027B3197955,USDT,0xbb4CdB9CBd36B01bD1cBaEBF2De08d9173bc095c,WBNB,18,stable_anchor,1.0,1000.0,1000000000000000000000,yes,1456797969229315524,1.4567979692293156,99.85432020307707,,3024405877944210600330546163,1,124574,101731069,1780335556,yes,medium,,yes,no,1780335556,"quoteExactInputSingle((address,address,uint256,uint24,uint160))",0xc6a5026a,0xf9257288d30efbac03bb262a394e084556562c6c31161253bb5dd37124f96ec1,0,,
20260601_173837,0x36696169C63e42cd08ce11f5deeBbCeBae652050,WBNB/USDT,BSC,PancakeSwap V3,concentrated_liquidity,500,quoter_v2_staticcall,token1_to_token0,2000,0x55d398326f99059fF775485246999027B3197955,USDT,0xbb4CdB9CBd36B01bD1cBaEBF2De08d9173bc095c,WBNB,18,stable_anchor,1.0,2000.0,2000000000000000000000,yes,2912955127041436367,2.912955127041436,99.85435224364792,,3023740695153551989083364878,2,166292,101731069,1780335556,yes,medium,,yes,no,1780335556,"quoteExactInputSingle((address,address,uint256,uint24,uint160))",0xc6a5026a,0xb596790252f4a17b51242520972ba0970ece014074d3d559211d1bcbe367a789,0,,
20260601_173837,0x1401ff943D08a7E098328C1d3a9d388923B115D2,WBNB/USDT,BSC,PancakeSwap V3,concentrated_liquidity,2500,quoter_v2_staticcall,token0_to_token1,20,0xbb4CdB9CBd36B01bD1cBaEBF2De08d9173bc095c,WBNB,0x55d398326f99059fF775485246999027B3197955,USDT,18,slot0_pool_anchor:0x1401ff943D08a7E098328C1d3a9d388923B115D2:WBNB/USDT | slot0_pool_anchor:0x172fcD41E0913e95784454622d1c3724f546f849:WBNB/USDT | slot0_pool_anchor:0x18C5aFFA481e7EDbF37405AdE553827d6387899f:WBNB/USDC | slot0_pool_anchor:0x36696169C63e42cd08ce11f5deeBbCeBae652050:WBNB/USDT | slot0_pool_anchor:0x6805E0E5333c5c3acCF2930Be4734E2b98f4Ce06:WBNB/USDT | slot0_pool_anchor:0x81A9b5F18179cE2bf8f001b8a634Db80771F1824:WBNB/USDC | slot0_pool_anchor:0xc721dECCD986D54B39e8c29428A1f06155c3671e:WBNB/USDC | slot0_pool_anchor:0xf2688Fb5B81049DFB7703aDa5e770543770612C4:WBNB/USDC,685.6397874332431,0.02916983577465928,29169835774659281,yes,19985506321384355544,13702.858305939706,0.0,,3023200336188653947092374741,0,124525,101731074,1780335557,yes,high,,yes,no,1780335557,"quoteExactInputSingle((address,address,uint256,uint24,uint160))",0xc6a5026a,0x59c9e0c72f640ee49cdf96ebc64e027689c4c6783b185fa01925fd884d790813,0,,
20260601_173837,0x1401ff943D08a7E098328C1d3a9d388923B115D2,WBNB/USDT,BSC,PancakeSwap V3,concentrated_liquidity,2500,quoter_v2_staticcall,token0_to_token1,100,0xbb4CdB9CBd36B01bD1cBaEBF2De08d9173bc095c,WBNB,0x55d398326f99059fF775485246999027B3197955,USDT,18,slot0_pool_anchor:0x1401ff943D08a7E098328C1d3a9d388923B115D2:WBNB/USDT | slot0_pool_anchor:0x172fcD41E0913e95784454622d1c3724f546f849:WBNB/USDT | slot0_pool_anchor:0x18C5aFFA481e7EDbF37405AdE553827d6387899f:WBNB/USDC | slot0_pool_anchor:0x36696169C63e42cd08ce11f5deeBbCeBae652050:WBNB/USDT | slot0_pool_anchor:0x6805E0E5333c5c3acCF2930Be4734E2b98f4Ce06:WBNB/USDT | slot0_pool_anchor:0x81A9b5F18179cE2bf8f001b8a634Db80771F1824:WBNB/USDC | slot0_pool_anchor:0xc721dECCD986D54B39e8c29428A1f06155c3671e:WBNB/USDC | slot0_pool_anchor:0xf2688Fb5B81049DFB7703aDa5e770543770612C4:WBNB/USDC,685.6397874332431,0.1458491788732964,145849178873296408,yes,99888015916141079809,68487.19799987138,0.0,,3024396313989967356852705614,0,124505,101731074,1780335557,yes,high,,yes,no,1780335557,"quoteExactInputSingle((address,address,uint256,uint24,uint160))",0xc6a5026a,0xd0b78c5b184acb4b6adbf66446ec3a4f2702c355c1b1218adb0b3f9d8be5bfd3,0,,
20260601_173837,0x1401ff943D08a7E098328C1d3a9d388923B115D2,WBNB/USDT,BSC,PancakeSwap V3,concentrated_liquidity,2500,quoter_v2_staticcall,token0_to_token1,500,0xbb4CdB9CBd36B01bD1cBaEBF2De08d9173bc095c,WBNB,0x55d398326f99059fF775485246999027B3197955,USDT,18,slot0_pool_anchor:0x1401ff943D08a7E098328C1d3a9d388923B115D2:WBNB/USDT | slot0_pool_anchor:0x172fcD41E0913e95784454622d1c3724f546f849:WBNB/USDT | slot0_pool_anchor:0x18C5aFFA481e7EDbF37405AdE553827d6387899f:WBNB/USDC | slot0_pool_anchor:0x36696169C63e42cd08ce11f5deeBbCeBae652050:WBNB/USDT | slot0_pool_anchor:0x6805E0E5333c5c3acCF2930Be4734E2b98f4Ce06:WBNB/USDT | slot0_pool_anchor:0x81A9b5F18179cE2bf8f001b8a634Db80771F1824:WBNB/USDC | slot0_pool_anchor:0xc721dECCD986D54B39e8c29428A1f06155c3671e:WBNB/USDC | slot0_pool_anchor:0xf2688Fb5B81049DFB7703aDa5e770543770612C4:WBNB/USDC,685.6397874332431,0.729245894366482,729245894366482043,yes,498454526619204983912,341760.25567632954,0.0,,3030376202996534405664635796,1,123517,101731074,1780335558,yes,high,,yes,no,1780335558,"quoteExactInputSingle((address,address,uint256,uint24,uint160))",0xc6a5026a,0x2d421d13e3b9dd609ca4fd9036400a6e18c9c2bde7ab971ef700c3bdb63a5f24,0,,
20260601_173837,0x1401ff943D08a7E098328C1d3a9d388923B115D2,WBNB/USDT,BSC,PancakeSwap V3,concentrated_liquidity,2500,quoter_v2_staticcall,token0_to_token1,1000,0xbb4CdB9CBd36B01bD1cBaEBF2De08d9173bc095c,WBNB,0x55d398326f99059fF775485246999027B3197955,USDT,18,slot0_pool_anchor:0x1401ff943D08a7E098328C1d3a9d388923B115D2:WBNB/USDT | slot0_pool_anchor:0x172fcD41E0913e95784454622d1c3724f546f849:WBNB/USDT | slot0_pool_anchor:0x18C5aFFA481e7EDbF37405AdE553827d6387899f:WBNB/USDC | slot0_pool_anchor:0x36696169C63e42cd08ce11f5deeBbCeBae652050:WBNB/USDT | slot0_pool_anchor:0x6805E0E5333c5c3acCF2930Be4734E2b98f4Ce06:WBNB/USDT | slot0_pool_anchor:0x81A9b5F18179cE2bf8f001b8a634Db80771F1824:WBNB/USDC | slot0_pool_anchor:0xc721dECCD986D54B39e8c29428A1f06155c3671e:WBNB/USDC | slot0_pool_anchor:0xf2688Fb5B81049DFB7703aDa5e770543770612C4:WBNB/USDC,685.6397874332431,1.458491788732964,1458491788732964086,yes,994456083457483589868,681838.6576734845,0.0,,3037851064252861320537129499,2,157144,101731074,1780335558,yes,medium,,yes,no,1780335558,"quoteExactInputSingle((address,address,uint256,uint24,uint160))",0xc6a5026a,0x54415c4f1d8c8bb1168e5691521624a2ea3e5e78c83e908cf0862cab935dd9b3,0,,
20260601_173837,0x1401ff943D08a7E098328C1d3a9d388923B115D2,WBNB/USDT,BSC,PancakeSwap V3,concentrated_liquidity,2500,quoter_v2_staticcall,token0_to_token1,2000,0xbb4CdB9CBd36B01bD1cBaEBF2De08d9173bc095c,WBNB,0x55d398326f99059fF775485246999027B3197955,USDT,18,slot0_pool_anchor:0x1401ff943D08a7E098328C1d3a9d388923B115D2:WBNB/USDT | slot0_pool_anchor:0x172fcD41E0913e95784454622d1c3724f546f849:WBNB/USDT | slot0_pool_anchor:0x18C5aFFA481e7EDbF37405AdE553827d6387899f:WBNB/USDC | slot0_pool_anchor:0x36696169C63e42cd08ce11f5deeBbCeBae652050:WBNB/USDT | slot0_pool_anchor:0x6805E0E5333c5c3acCF2930Be4734E2b98f4Ce06:WBNB/USDT | slot0_pool_anchor:0x81A9b5F18179cE2bf8f001b8a634Db80771F1824:WBNB/USDC | slot0_pool_anchor:0xc721dECCD986D54B39e8c29428A1f06155c3671e:WBNB/USDC | slot0_pool_anchor:0xf2688Fb5B81049DFB7703aDa5e770543770612C4:WBNB/USDC,685.6397874332431,2.916983577465928,2916983577465928172,yes,1979097158872799321635,1356947.7553192815,0.0,,3053122061747967772769463079,4,218988,101731074,1780335558,yes,medium,,yes,no,1780335558,"quoteExactInputSingle((address,address,uint256,uint24,uint160))",0xc6a5026a,0x3d74c782bcac5f4cf0bbe4970055217126971179fe430b662e4c8ad34d639f97,0,,
20260601_173837,0x1401ff943D08a7E098328C1d3a9d388923B115D2,WBNB/USDT,BSC,PancakeSwap V3,concentrated_liquidity,2500,quoter_v2_staticcall,token1_to_token0,20,0x55d398326f99059fF775485246999027B3197955,USDT,0xbb4CdB9CBd36B01bD1cBaEBF2De08d9173bc095c,WBNB,18,stable_anchor,1.0,20.0,20000000000000000000,yes,29039478036886324,0.029039478036886324,99.85480260981556,,3022602937460352930714714380,0,125016,101731074,1780335559,yes,high,,yes,no,1780335559,"quoteExactInputSingle((address,address,uint256,uint24,uint160))",0xc6a5026a,0x4c2880a159e2db2517a056e703195a2aa46a8522f6fc736be341dc57b4dd817e,0,,
20260601_173837,0x1401ff943D08a7E098328C1d3a9d388923B115D2,WBNB/USDT,BSC,PancakeSwap V3,concentrated_liquidity,2500,quoter_v2_staticcall,token1_to_token0,100,0x55d398326f99059fF775485246999027B3197955,USDT,0xbb4CdB9CBd36B01bD1cBaEBF2De08d9173bc095c,WBNB,18,stable_anchor,1.0,100.0,100000000000000000000,yes,145140080446515224,0.14514008044651522,99.85485991955349,,3021409909252675429919031704,0,125008,101731074,1780335559,yes,high,,yes,no,1780335559,"quoteExactInputSingle((address,address,uint256,uint24,uint160))",0xc6a5026a,0xb660548e8ff4d5041aea443bcf3bb110c20bee8a644bcbed34241d5cbd24b0f0,0,,
20260601_173837,0x1401ff943D08a7E098328C1d3a9d388923B115D2,WBNB/USDT,BSC,PancakeSwap V3,concentrated_liquidity,2500,quoter_v2_staticcall,token1_to_token0,500,0x55d398326f99059fF775485246999027B3197955,USDT,0xbb4CdB9CBd36B01bD1cBaEBF2De08d9173bc095c,WBNB,18,stable_anchor,1.0,500.0,500000000000000000000,yes,724269039854001630,0.7242690398540016,99.8551461920292,,3015442302109525730597667096,1,164704,101731074,1780335560,yes,high,,yes,no,1780335560,"quoteExactInputSingle((address,address,uint256,uint24,uint160))",0xc6a5026a,0x58cb778d5101ba9dc761275198676b63a7a450b0154060ec3d55a4281123d226,0,,
20260601_173837,0x1401ff943D08a7E098328C1d3a9d388923B115D2,WBNB/USDT,BSC,PancakeSwap V3,concentrated_liquidity,2500,quoter_v2_staticcall,token1_to_token0,1000,0x55d398326f99059fF775485246999027B3197955,USDT,0xbb4CdB9CBd36B01bD1cBaEBF2De08d9173bc095c,WBNB,18,stable_anchor,1.0,1000.0,1000000000000000000000,yes,1444995845176320156,1.44499584517632,99.85550041548237,,3008250032539712673027579374,2,192011,101731074,1780335560,yes,medium,,yes,no,1780335560,"quoteExactInputSingle((address,address,uint256,uint24,uint160))",0xc6a5026a,0x1760ed65a218fac33ab38c2af62b2ec00fa319390ba20255e08d76652a47e028,0,,
20260601_173837,0x1401ff943D08a7E098328C1d3a9d388923B115D2,WBNB/USDT,BSC,PancakeSwap V3,concentrated_liquidity,2500,quoter_v2_staticcall,token1_to_token0,2000,0x55d398326f99059fF775485246999027B3197955,USDT,0xbb4CdB9CBd36B01bD1cBaEBF2De08d9173bc095c,WBNB,18,stable_anchor,1.0,2000.0,2000000000000000000000,yes,2876271111612613028,2.876271111612613,99.85618644441936,,2993836048460610657233061392,4,245520,101731074,1780335561,yes,medium,,yes,no,1780335561,"quoteExactInputSingle((address,address,uint256,uint24,uint160))",0xc6a5026a,0x87c6199485cd21cf61137240c2b473974d04526e2a10df240313832083d150eb,0,,
20260601_173837,0x6805E0E5333c5c3acCF2930Be4734E2b98f4Ce06,WBNB/USDT,BSC,PancakeSwap V3,concentrated_liquidity,10000,quoter_v2_staticcall,token0_to_token1,20,0xbb4CdB9CBd36B01bD1cBaEBF2De08d9173bc095c,WBNB,0x55d398326f99059fF775485246999027B3197955,USDT,18,slot0_pool_anchor:0x1401ff943D08a7E098328C1d3a9d388923B115D2:WBNB/USDT | slot0_pool_anchor:0x172fcD41E0913e95784454622d1c3724f546f849:WBNB/USDT | slot0_pool_anchor:0x18C5aFFA481e7EDbF37405AdE553827d6387899f:WBNB/USDC | slot0_pool_anchor:0x36696169C63e42cd08ce11f5deeBbCeBae652050:WBNB/USDT | slot0_pool_anchor:0x6805E0E5333c5c3acCF2930Be4734E2b98f4Ce06:WBNB/USDT | slot0_pool_anchor:0x81A9b5F18179cE2bf8f001b8a634Db80771F1824:WBNB/USDC | slot0_pool_anchor:0xc721dECCD986D54B39e8c29428A1f06155c3671e:WBNB/USDC | slot0_pool_anchor:0xf2688Fb5B81049DFB7703aDa5e770543770612C4:WBNB/USDC,685.6397874332431,0.02916983577465928,29169835774659281,yes,19654647118022893591,13476.00807207662,0.0,,3038310442898105044721203002,1,93373,101731078,1780335561,yes,high,,yes,no,1780335561,"quoteExactInputSingle((address,address,uint256,uint24,uint160))",0xc6a5026a,0x007b268e92a9e4243b25a18f34dbd890726ceec47a55a92646f395a7a639345c,0,,
20260601_173837,0x6805E0E5333c5c3acCF2930Be4734E2b98f4Ce06,WBNB/USDT,BSC,PancakeSwap V3,concentrated_liquidity,10000,quoter_v2_staticcall,token0_to_token1,100,0xbb4CdB9CBd36B01bD1cBaEBF2De08d9173bc095c,WBNB,0x55d398326f99059fF775485246999027B3197955,USDT,18,slot0_pool_anchor:0x1401ff943D08a7E098328C1d3a9d388923B115D2:WBNB/USDT | slot0_pool_anchor:0x172fcD41E0913e95784454622d1c3724f546f849:WBNB/USDT | slot0_pool_anchor:0x18C5aFFA481e7EDbF37405AdE553827d6387899f:WBNB/USDC | slot0_pool_anchor:0x36696169C63e42cd08ce11f5deeBbCeBae652050:WBNB/USDT | slot0_pool_anchor:0x6805E0E5333c5c3acCF2930Be4734E2b98f4Ce06:WBNB/USDT | slot0_pool_anchor:0x81A9b5F18179cE2bf8f001b8a634Db80771F1824:WBNB/USDC | slot0_pool_anchor:0xc721dECCD986D54B39e8c29428A1f06155c3671e:WBNB/USDC | slot0_pool_anchor:0xf2688Fb5B81049DFB7703aDa5e770543770612C4:WBNB/USDC,685.6397874332431,0.1458491788732964,145849178873296408,yes,97911894059146168656,67132.2902298992,0.0,,3049515546121133496659299740,2,123922,101731078,1780335561,yes,high,,yes,no,1780335561,"quoteExactInputSingle((address,address,uint256,uint24,uint160))",0xc6a5026a,0x2616fc1e8899c2f6039adcfbbc67ffbb86ad553596fdf05859d6e7ae9d724791,0,,
20260601_173837,0x6805E0E5333c5c3acCF2930Be4734E2b98f4Ce06,WBNB/USDT,BSC,PancakeSwap V3,concentrated_liquidity,10000,quoter_v2_staticcall,token0_to_token1,500,0xbb4CdB9CBd36B01bD1cBaEBF2De08d9173bc095c,WBNB,0x55d398326f99059fF775485246999027B3197955,USDT,18,slot0_pool_anchor:0x1401ff943D08a7E098328C1d3a9d388923B115D2:WBNB/USDT | slot0_pool_anchor:0x172fcD41E0913e95784454622d1c3724f546f849:WBNB/USDT | slot0_pool_anchor:0x18C5aFFA481e7EDbF37405AdE553827d6387899f:WBNB/USDC | slot0_pool_anchor:0x36696169C63e42cd08ce11f5deeBbCeBae652050:WBNB/USDT | slot0_pool_anchor:0x6805E0E5333c5c3acCF2930Be4734E2b98f4Ce06:WBNB/USDT | slot0_pool_anchor:0x81A9b5F18179cE2bf8f001b8a634Db80771F1824:WBNB/USDC | slot0_pool_anchor:0xc721dECCD986D54B39e8c29428A1f06155c3671e:WBNB/USDC | slot0_pool_anchor:0xf2688Fb5B81049DFB7703aDa5e770543770612C4:WBNB/USDC,685.6397874332431,0.729245894366482,729245894366482043,yes,480735414874667416124,329611.3276662989,0.0,,3105466727369803479626970078,4,171241,101731078,1780335562,yes,high,,yes,no,1780335562,"quoteExactInputSingle((address,address,uint256,uint24,uint160))",0xc6a5026a,0x9bff3a022d06898362aab1c8b30b5135a316c1459636fc0c261ed460687474f0,0,,
20260601_173837,0x6805E0E5333c5c3acCF2930Be4734E2b98f4Ce06,WBNB/USDT,BSC,PancakeSwap V3,concentrated_liquidity,10000,quoter_v2_staticcall,token0_to_token1,1000,0xbb4CdB9CBd36B01bD1cBaEBF2De08d9173bc095c,WBNB,0x55d398326f99059fF775485246999027B3197955,USDT,18,slot0_pool_anchor:0x1401ff943D08a7E098328C1d3a9d388923B115D2:WBNB/USDT | slot0_pool_anchor:0x172fcD41E0913e95784454622d1c3724f546f849:WBNB/USDT | slot0_pool_anchor:0x18C5aFFA481e7EDbF37405AdE553827d6387899f:WBNB/USDC | slot0_pool_anchor:0x36696169C63e42cd08ce11f5deeBbCeBae652050:WBNB/USDT | slot0_pool_anchor:0x6805E0E5333c5c3acCF2930Be4734E2b98f4Ce06:WBNB/USDT | slot0_pool_anchor:0x81A9b5F18179cE2bf8f001b8a634Db80771F1824:WBNB/USDC | slot0_pool_anchor:0xc721dECCD986D54B39e8c29428A1f06155c3671e:WBNB/USDC | slot0_pool_anchor:0xf2688Fb5B81049DFB7703aDa5e770543770612C4:WBNB/USDC,685.6397874332431,1.458491788732964,1458491788732964086,yes,940328526289543971859,644726.6508825776,0.0,,3175008183119350168730203542,6,220610,101731078,1780335562,yes,medium,,yes,no,1780335562,"quoteExactInputSingle((address,address,uint256,uint24,uint160))",0xc6a5026a,0x2028073a3965bb581eab2d71515ab48217e0a742b1539efca7595684468ab17d,0,,
20260601_173837,0x6805E0E5333c5c3acCF2930Be4734E2b98f4Ce06,WBNB/USDT,BSC,PancakeSwap V3,concentrated_liquidity,10000,quoter_v2_staticcall,token0_to_token1,2000,0xbb4CdB9CBd36B01bD1cBaEBF2De08d9173bc095c,WBNB,0x55d398326f99059fF775485246999027B3197955,USDT,18,slot0_pool_anchor:0x1401ff943D08a7E098328C1d3a9d388923B115D2:WBNB/USDT | slot0_pool_anchor:0x172fcD41E0913e95784454622d1c3724f546f849:WBNB/USDT | slot0_pool_anchor:0x18C5aFFA481e7EDbF37405AdE553827d6387899f:WBNB/USDC | slot0_pool_anchor:0x36696169C63e42cd08ce11f5deeBbCeBae652050:WBNB/USDT | slot0_pool_anchor:0x6805E0E5333c5c3acCF2930Be4734E2b98f4Ce06:WBNB/USDT | slot0_pool_anchor:0x81A9b5F18179cE2bf8f001b8a634Db80771F1824:WBNB/USDC | slot0_pool_anchor:0xc721dECCD986D54B39e8c29428A1f06155c3671e:WBNB/USDC | slot0_pool_anchor:0xf2688Fb5B81049DFB7703aDa5e770543770612C4:WBNB/USDC,685.6397874332431,2.916983577465928,2916983577465928172,yes,1801285160429638194778,1235032.7745036322,0.0,,3319466807214244302298879144,10,351620,101731078,1780335563,yes,medium,,yes,no,1780335563,"quoteExactInputSingle((address,address,uint256,uint24,uint160))",0xc6a5026a,0xd60d1f066f57bbee9ef5861f71268191632a4b5ad6906636de290b8b6a5d5569,0,,
20260601_173837,0x6805E0E5333c5c3acCF2930Be4734E2b98f4Ce06,WBNB/USDT,BSC,PancakeSwap V3,concentrated_liquidity,10000,quoter_v2_staticcall,token1_to_token0,20,0x55d398326f99059fF775485246999027B3197955,USDT,0xbb4CdB9CBd36B01bD1cBaEBF2De08d9173bc095c,WBNB,18,stable_anchor,1.0,20.0,20000000000000000000,yes,29037828151353273,0.029037828151353272,99.85481085924323,,3032683992942811922293663097,1,93888,101731078,1780335563,yes,high,,yes,no,1780335563,"quoteExactInputSingle((address,address,uint256,uint24,uint160))",0xc6a5026a,0xdfb19619bb57b35ad079499dec5f03c9020f7902fe76bcd60cf79ad96cf8ebda,0,,
20260601_173837,0x6805E0E5333c5c3acCF2930Be4734E2b98f4Ce06,WBNB/USDT,BSC,PancakeSwap V3,concentrated_liquidity,10000,quoter_v2_staticcall,token1_to_token0,100,0x55d398326f99059fF775485246999027B3197955,USDT,0xbb4CdB9CBd36B01bD1cBaEBF2De08d9173bc095c,WBNB,18,stable_anchor,1.0,100.0,100000000000000000000,yes,144651425881111418,0.1446514258811114,99.85534857411889,,3021452303798112561375781093,1,93898,101731078,1780335564,yes,high,,yes,no,1780335564,"quoteExactInputSingle((address,address,uint256,uint24,uint160))",0xc6a5026a,0xb4ac1017d150d6a14d454e034ed5af116d7a15e6b08bb495bf039a8a7ceee5e8,0,,
20260601_173837,0x6805E0E5333c5c3acCF2930Be4734E2b98f4Ce06,WBNB/USDT,BSC,PancakeSwap V3,concentrated_liquidity,10000,quoter_v2_staticcall,token1_to_token0,500,0x55d398326f99059fF775485246999027B3197955,USDT,0xbb4CdB9CBd36B01bD1cBaEBF2De08d9173bc095c,WBNB,18,stable_anchor,1.0,500.0,500000000000000000000,yes,699179568079659216,0.6991795680796592,99.86016408638407,,2896191567421699518923342386,3,147954,101731078,1780335564,yes,high,,yes,no,1780335564,"quoteExactInputSingle((address,address,uint256,uint24,uint160))",0xc6a5026a,0x0ee2a45b5d71d578c680d8c80a74c608861fe6591dc5d6498d4e689402986ea6,0,,
20260601_173837,0x6805E0E5333c5c3acCF2930Be4734E2b98f4Ce06,WBNB/USDT,BSC,PancakeSwap V3,concentrated_liquidity,10000,quoter_v2_staticcall,token1_to_token0,1000,0x55d398326f99059fF775485246999027B3197955,USDT,0xbb4CdB9CBd36B01bD1cBaEBF2De08d9173bc095c,WBNB,18,stable_anchor,1.0,1000.0,1000000000000000000000,yes,1342268956089558559,1.3422689560895587,99.86577310439104,,2817111529757120947624572081,4,172312,101731078,1780335564,yes,medium,,yes,no,1780335564,"quoteExactInputSingle((address,address,uint256,uint24,uint160))",0xc6a5026a,0x18f1a28f5c82ea2e6364ca00a1f11ca68b7db68285092340f44bffc2cb45d30a,0,,
20260601_173837,0x6805E0E5333c5c3acCF2930Be4734E2b98f4Ce06,WBNB/USDT,BSC,PancakeSwap V3,concentrated_liquidity,10000,quoter_v2_staticcall,token1_to_token0,2000,0x55d398326f99059fF775485246999027B3197955,USDT,0xbb4CdB9CBd36B01bD1cBaEBF2De08d9173bc095c,WBNB,18,stable_anchor,1.0,2000.0,2000000000000000000000,yes,2530271244776164471,2.5302712447761646,99.87348643776119,,2673985710054215184151680218,7,244478,101731078,1780335565,yes,medium,,yes,no,1780335565,"quoteExactInputSingle((address,address,uint256,uint24,uint160))",0xc6a5026a,0xb21a1a3cd8678a09aea40b7dd82c5664a4b9fd356c447899d9a361e5fbcd9ef4,0,,
20260601_173837,0xf2688Fb5B81049DFB7703aDa5e770543770612C4,WBNB/USDC,BSC,PancakeSwap V3,concentrated_liquidity,100,quoter_v2_staticcall,token0_to_token1,20,0xbb4CdB9CBd36B01bD1cBaEBF2De08d9173bc095c,WBNB,0x8AC76a51cc950d9822D68b83fE1Ad97B32Cd580d,USDC,18,slot0_pool_anchor:0x1401ff943D08a7E098328C1d3a9d388923B115D2:WBNB/USDT | slot0_pool_anchor:0x172fcD41E0913e95784454622d1c3724f546f849:WBNB/USDT | slot0_pool_anchor:0x18C5aFFA481e7EDbF37405AdE553827d6387899f:WBNB/USDC | slot0_pool_anchor:0x36696169C63e42cd08ce11f5deeBbCeBae652050:WBNB/USDT | slot0_pool_anchor:0x6805E0E5333c5c3acCF2930Be4734E2b98f4Ce06:WBNB/USDT | slot0_pool_anchor:0x81A9b5F18179cE2bf8f001b8a634Db80771F1824:WBNB/USDC | slot0_pool_anchor:0xc721dECCD986D54B39e8c29428A1f06155c3671e:WBNB/USDC | slot0_pool_anchor:0xf2688Fb5B81049DFB7703aDa5e770543770612C4:WBNB/USDC,685.6397874332431,0.02916983577465928,29169835774659281,yes,19980101387675520025,13699.15246834049,0.0,,3027095250537381088960004161,1,99445,101731083,1780335565,yes,high,,yes,no,1780335565,"quoteExactInputSingle((address,address,uint256,uint24,uint160))",0xc6a5026a,0x15718146959908d13b92dbbdd5e0a4a9d5c67e3172b18322a4163f98098103f0,0,,
20260601_173837,0xf2688Fb5B81049DFB7703aDa5e770543770612C4,WBNB/USDC,BSC,PancakeSwap V3,concentrated_liquidity,100,quoter_v2_staticcall,token0_to_token1,100,0xbb4CdB9CBd36B01bD1cBaEBF2De08d9173bc095c,WBNB,0x8AC76a51cc950d9822D68b83fE1Ad97B32Cd580d,USDC,18,slot0_pool_anchor:0x1401ff943D08a7E098328C1d3a9d388923B115D2:WBNB/USDT | slot0_pool_anchor:0x172fcD41E0913e95784454622d1c3724f546f849:WBNB/USDT | slot0_pool_anchor:0x18C5aFFA481e7EDbF37405AdE553827d6387899f:WBNB/USDC | slot0_pool_anchor:0x36696169C63e42cd08ce11f5deeBbCeBae652050:WBNB/USDT | slot0_pool_anchor:0x6805E0E5333c5c3acCF2930Be4734E2b98f4Ce06:WBNB/USDT | slot0_pool_anchor:0x81A9b5F18179cE2bf8f001b8a634Db80771F1824:WBNB/USDC | slot0_pool_anchor:0xc721dECCD986D54B39e8c29428A1f06155c3671e:WBNB/USDC | slot0_pool_anchor:0xf2688Fb5B81049DFB7703aDa5e770543770612C4:WBNB/USDC,685.6397874332431,0.1458491788732964,145849178873296408,yes,99900190458231350407,68495.54535032224,0.0,,3027102012614121356647534486,1,99445,101731083,1780335566,yes,high,,yes,no,1780335566,"quoteExactInputSingle((address,address,uint256,uint24,uint160))",0xc6a5026a,0xa80bc3a2075c263ba5e992ac8b94002f2c5c9205cd43144c99cb6ea34402394f,0,,
20260601_173837,0xf2688Fb5B81049DFB7703aDa5e770543770612C4,WBNB/USDC,BSC,PancakeSwap V3,concentrated_liquidity,100,quoter_v2_staticcall,token0_to_token1,500,0xbb4CdB9CBd36B01bD1cBaEBF2De08d9173bc095c,WBNB,0x8AC76a51cc950d9822D68b83fE1Ad97B32Cd580d,USDC,18,slot0_pool_anchor:0x1401ff943D08a7E098328C1d3a9d388923B115D2:WBNB/USDT | slot0_pool_anchor:0x172fcD41E0913e95784454622d1c3724f546f849:WBNB/USDT | slot0_pool_anchor:0x18C5aFFA481e7EDbF37405AdE553827d6387899f:WBNB/USDC | slot0_pool_anchor:0x36696169C63e42cd08ce11f5deeBbCeBae652050:WBNB/USDT | slot0_pool_anchor:0x6805E0E5333c5c3acCF2930Be4734E2b98f4Ce06:WBNB/USDT | slot0_pool_anchor:0x81A9b5F18179cE2bf8f001b8a634Db80771F1824:WBNB/USDC | slot0_pool_anchor:0xc721dECCD986D54B39e8c29428A1f06155c3671e:WBNB/USDC | slot0_pool_anchor:0xf2688Fb5B81049DFB7703aDa5e770543770612C4:WBNB/USDC,685.6397874332431,0.729245894366482,729245894366482043,yes,499497706215142776070,342475.501112743,0.0,,3027121684783007715935970644,1,99445,101731083,1780335566,yes,high,,yes,no,1780335566,"quoteExactInputSingle((address,address,uint256,uint24,uint160))",0xc6a5026a,0x4b8030dff62d54c277fbc9687d557d48dc7ec1dada169f6e650d091dd65d5c22,0,,
20260601_173837,0xf2688Fb5B81049DFB7703aDa5e770543770612C4,WBNB/USDC,BSC,PancakeSwap V3,concentrated_liquidity,100,quoter_v2_staticcall,token0_to_token1,1000,0xbb4CdB9CBd36B01bD1cBaEBF2De08d9173bc095c,WBNB,0x8AC76a51cc950d9822D68b83fE1Ad97B32Cd580d,USDC,18,slot0_pool_anchor:0x1401ff943D08a7E098328C1d3a9d388923B115D2:WBNB/USDT | slot0_pool_anchor:0x172fcD41E0913e95784454622d1c3724f546f849:WBNB/USDT | slot0_pool_anchor:0x18C5aFFA481e7EDbF37405AdE553827d6387899f:WBNB/USDC | slot0_pool_anchor:0x36696169C63e42cd08ce11f5deeBbCeBae652050:WBNB/USDT | slot0_pool_anchor:0x6805E0E5333c5c3acCF2930Be4734E2b98f4Ce06:WBNB/USDT | slot0_pool_anchor:0x81A9b5F18179cE2bf8f001b8a634Db80771F1824:WBNB/USDC | slot0_pool_anchor:0xc721dECCD986D54B39e8c29428A1f06155c3671e:WBNB/USDC | slot0_pool_anchor:0xf2688Fb5B81049DFB7703aDa5e770543770612C4:WBNB/USDC,685.6397874332431,1.458491788732964,1458491788732964086,yes,998987297358909432699,684945.4382096727,0.0,,3027146274994115665046515843,1,99445,101731083,1780335567,yes,medium,,yes,no,1780335567,"quoteExactInputSingle((address,address,uint256,uint24,uint160))",0xc6a5026a,0xc2b02c3b3aa4fb70e62f977a645dac2ef4f02d6bd45f0ceb1e29053ec8030802,0,,
20260601_173837,0xf2688Fb5B81049DFB7703aDa5e770543770612C4,WBNB/USDC,BSC,PancakeSwap V3,concentrated_liquidity,100,quoter_v2_staticcall,token0_to_token1,2000,0xbb4CdB9CBd36B01bD1cBaEBF2De08d9173bc095c,WBNB,0x8AC76a51cc950d9822D68b83fE1Ad97B32Cd580d,USDC,18,slot0_pool_anchor:0x1401ff943D08a7E098328C1d3a9d388923B115D2:WBNB/USDT | slot0_pool_anchor:0x172fcD41E0913e95784454622d1c3724f546f849:WBNB/USDT | slot0_pool_anchor:0x18C5aFFA481e7EDbF37405AdE553827d6387899f:WBNB/USDC | slot0_pool_anchor:0x36696169C63e42cd08ce11f5deeBbCeBae652050:WBNB/USDT | slot0_pool_anchor:0x6805E0E5333c5c3acCF2930Be4734E2b98f4Ce06:WBNB/USDT | slot0_pool_anchor:0x81A9b5F18179cE2bf8f001b8a634Db80771F1824:WBNB/USDC | slot0_pool_anchor:0xc721dECCD986D54B39e8c29428A1f06155c3671e:WBNB/USDC | slot0_pool_anchor:0xf2688Fb5B81049DFB7703aDa5e770543770612C4:WBNB/USDC,685.6397874332431,2.916983577465928,2916983577465928172,yes,1997562507570986913518,1369608.3330755876,0.0,,3027483089238445536325621625,1,99493,101731083,1780335567,yes,medium,,yes,no,1780335567,"quoteExactInputSingle((address,address,uint256,uint24,uint160))",0xc6a5026a,0x4880aec58e251510024aeedc0ae26fd337a81ad275b388774456e3a6b8233a1d,0,,
20260601_173837,0xf2688Fb5B81049DFB7703aDa5e770543770612C4,WBNB/USDC,BSC,PancakeSwap V3,concentrated_liquidity,100,quoter_v2_staticcall,token1_to_token0,20,0x8AC76a51cc950d9822D68b83fE1Ad97B32Cd580d,USDC,0xbb4CdB9CBd36B01bD1cBaEBF2De08d9173bc095c,WBNB,18,stable_anchor,1.0,20.0,20000000000000000000,yes,29198627669156260,0.02919862766915626,99.85400686165421,,3027383580766622924311670233,1,99924,101731083,1780335567,yes,high,,yes,no,1780335567,"quoteExactInputSingle((address,address,uint256,uint24,uint160))",0xc6a5026a,0x11b2985f3ddf8ed911c1dd2d3ebcae7353d145a5206d5f591e59449d16298524,0,,
20260601_173837,0xf2688Fb5B81049DFB7703aDa5e770543770612C4,WBNB/USDC,BSC,PancakeSwap V3,concentrated_liquidity,100,quoter_v2_staticcall,token1_to_token0,100,0x8AC76a51cc950d9822D68b83fE1Ad97B32Cd580d,USDC,0xbb4CdB9CBd36B01bD1cBaEBF2De08d9173bc095c,WBNB,18,stable_anchor,1.0,100.0,100000000000000000000,yes,145992948405650761,0.14599294840565077,99.85400705159435,,3027379642077181504254935091,1,123502,101731083,1780335568,yes,high,,yes,no,1780335568,"quoteExactInputSingle((address,address,uint256,uint24,uint160))",0xc6a5026a,0xdef64914046b49908ec8b1d53745e92d786f49346b5428adc0a5e1dfab483322,0,,
20260601_173837,0xf2688Fb5B81049DFB7703aDa5e770543770612C4,WBNB/USDC,BSC,PancakeSwap V3,concentrated_liquidity,100,quoter_v2_staticcall,token1_to_token0,500,0x8AC76a51cc950d9822D68b83fE1Ad97B32Cd580d,USDC,0xbb4CdB9CBd36B01bD1cBaEBF2De08d9173bc095c,WBNB,18,stable_anchor,1.0,500.0,500000000000000000000,yes,729959993557640018,0.72995999355764,99.85400800128848,,3027359948747512644669274950,1,165800,101731083,1780335568,yes,high,,yes,no,1780335568,"quoteExactInputSingle((address,address,uint256,uint24,uint160))",0xc6a5026a,0x94f7671c05ebb7e646d207dfbbecb175dabbb7ba25f3fa608045f13eb229e6e8,0,,
20260601_173837,0xf2688Fb5B81049DFB7703aDa5e770543770612C4,WBNB/USDC,BSC,PancakeSwap V3,concentrated_liquidity,100,quoter_v2_staticcall,token1_to_token0,1000,0x8AC76a51cc950d9822D68b83fE1Ad97B32Cd580d,USDC,0xbb4CdB9CBd36B01bD1cBaEBF2De08d9173bc095c,WBNB,18,stable_anchor,1.0,1000.0,1000000000000000000000,yes,1459908116093267060,1.459908116093267,99.85400918839068,,3027335332419472195882668434,1,165800,101731083,1780335569,yes,medium,,yes,no,1780335569,"quoteExactInputSingle((address,address,uint256,uint24,uint160))",0xc6a5026a,0x16da2a7e4a0ceaa4de50533ecbb07a9c1509066fa37ad15177606d9640e9173d,0,,
20260601_173837,0xf2688Fb5B81049DFB7703aDa5e770543770612C4,WBNB/USDC,BSC,PancakeSwap V3,concentrated_liquidity,100,quoter_v2_staticcall,token1_to_token0,2000,0x8AC76a51cc950d9822D68b83fE1Ad97B32Cd580d,USDC,0xbb4CdB9CBd36B01bD1cBaEBF2De08d9173bc095c,WBNB,18,stable_anchor,1.0,2000.0,2000000000000000000000,yes,2919768749244175743,2.919768749244176,99.85401156253779,,3027286100964346114560709145,1,165774,101731083,1780335569,yes,medium,,yes,no,1780335569,"quoteExactInputSingle((address,address,uint256,uint24,uint160))",0xc6a5026a,0x289bc09267bad4f6a263650f1d7d271d30d34a529dcf432833ee2ec76afc9913,0,,
20260601_173837,0x81A9b5F18179cE2bf8f001b8a634Db80771F1824,WBNB/USDC,BSC,PancakeSwap V3,concentrated_liquidity,500,quoter_v2_staticcall,token0_to_token1,20,0xbb4CdB9CBd36B01bD1cBaEBF2De08d9173bc095c,WBNB,0x8AC76a51cc950d9822D68b83fE1Ad97B32Cd580d,USDC,18,slot0_pool_anchor:0x1401ff943D08a7E098328C1d3a9d388923B115D2:WBNB/USDT | slot0_pool_anchor:0x172fcD41E0913e95784454622d1c3724f546f849:WBNB/USDT | slot0_pool_anchor:0x18C5aFFA481e7EDbF37405AdE553827d6387899f:WBNB/USDC | slot0_pool_anchor:0x36696169C63e42cd08ce11f5deeBbCeBae652050:WBNB/USDT | slot0_pool_anchor:0x6805E0E5333c5c3acCF2930Be4734E2b98f4Ce06:WBNB/USDT | slot0_pool_anchor:0x81A9b5F18179cE2bf8f001b8a634Db80771F1824:WBNB/USDC | slot0_pool_anchor:0xc721dECCD986D54B39e8c29428A1f06155c3671e:WBNB/USDC | slot0_pool_anchor:0xf2688Fb5B81049DFB7703aDa5e770543770612C4:WBNB/USDC,685.6397874332431,0.02916983577465928,29169835774659281,yes,19975914870762220104,13696.282025773968,0.0,,3026870039341380389135606718,1,171482,101731088,1780335570,yes,high,,yes,no,1780335570,"quoteExactInputSingle((address,address,uint256,uint24,uint160))",0xc6a5026a,0x860b9e5d0f03d12010100ef257fcc5802206ae21fd23c5c520b23b67b2cc9fd4,0,,
20260601_173837,0x81A9b5F18179cE2bf8f001b8a634Db80771F1824,WBNB/USDC,BSC,PancakeSwap V3,concentrated_liquidity,500,quoter_v2_staticcall,token0_to_token1,100,0xbb4CdB9CBd36B01bD1cBaEBF2De08d9173bc095c,WBNB,0x8AC76a51cc950d9822D68b83fE1Ad97B32Cd580d,USDC,18,slot0_pool_anchor:0x1401ff943D08a7E098328C1d3a9d388923B115D2:WBNB/USDT | slot0_pool_anchor:0x172fcD41E0913e95784454622d1c3724f546f849:WBNB/USDT | slot0_pool_anchor:0x18C5aFFA481e7EDbF37405AdE553827d6387899f:WBNB/USDC | slot0_pool_anchor:0x36696169C63e42cd08ce11f5deeBbCeBae652050:WBNB/USDT | slot0_pool_anchor:0x6805E0E5333c5c3acCF2930Be4734E2b98f4Ce06:WBNB/USDT | slot0_pool_anchor:0x81A9b5F18179cE2bf8f001b8a634Db80771F1824:WBNB/USDC | slot0_pool_anchor:0xc721dECCD986D54B39e8c29428A1f06155c3671e:WBNB/USDC | slot0_pool_anchor:0xf2688Fb5B81049DFB7703aDa5e770543770612C4:WBNB/USDC,685.6397874332431,0.1458491788732964,145849178873296408,yes,99862747634360051735,68469.87306052222,0.0,,3027380181072588255876082616,2,171474,101731088,1780335570,yes,high,,yes,no,1780335570,"quoteExactInputSingle((address,address,uint256,uint24,uint160))",0xc6a5026a,0xfaa092a8741757c905bbc24b294f62ba5a2d14521925c1088a86790edafd96bb,0,,
20260601_173837,0x81A9b5F18179cE2bf8f001b8a634Db80771F1824,WBNB/USDC,BSC,PancakeSwap V3,concentrated_liquidity,500,quoter_v2_staticcall,token0_to_token1,500,0xbb4CdB9CBd36B01bD1cBaEBF2De08d9173bc095c,WBNB,0x8AC76a51cc950d9822D68b83fE1Ad97B32Cd580d,USDC,18,slot0_pool_anchor:0x1401ff943D08a7E098328C1d3a9d388923B115D2:WBNB/USDT | slot0_pool_anchor:0x172fcD41E0913e95784454622d1c3724f546f849:WBNB/USDT | slot0_pool_anchor:0x18C5aFFA481e7EDbF37405AdE553827d6387899f:WBNB/USDC | slot0_pool_anchor:0x36696169C63e42cd08ce11f5deeBbCeBae652050:WBNB/USDT | slot0_pool_anchor:0x6805E0E5333c5c3acCF2930Be4734E2b98f4Ce06:WBNB/USDT | slot0_pool_anchor:0x81A9b5F18179cE2bf8f001b8a634Db80771F1824:WBNB/USDC | slot0_pool_anchor:0xc721dECCD986D54B39e8c29428A1f06155c3671e:WBNB/USDC | slot0_pool_anchor:0xf2688Fb5B81049DFB7703aDa5e770543770612C4:WBNB/USDC,685.6397874332431,0.729245894366482,729245894366482043,yes,498916275477926246533,342076.8490656707,0.0,,3029662358270318728789033339,3,204854,101731088,1780335570,yes,high,,yes,no,1780335570,"quoteExactInputSingle((address,address,uint256,uint24,uint160))",0xc6a5026a,0x5104ba695c67a1efacaff9f2edde8b13089c7bdd7b2815092fe8886664df82d8,0,,
20260601_173837,0x81A9b5F18179cE2bf8f001b8a634Db80771F1824,WBNB/USDC,BSC,PancakeSwap V3,concentrated_liquidity,500,quoter_v2_staticcall,token0_to_token1,1000,0xbb4CdB9CBd36B01bD1cBaEBF2De08d9173bc095c,WBNB,0x8AC76a51cc950d9822D68b83fE1Ad97B32Cd580d,USDC,18,slot0_pool_anchor:0x1401ff943D08a7E098328C1d3a9d388923B115D2:WBNB/USDT | slot0_pool_anchor:0x172fcD41E0913e95784454622d1c3724f546f849:WBNB/USDT | slot0_pool_anchor:0x18C5aFFA481e7EDbF37405AdE553827d6387899f:WBNB/USDC | slot0_pool_anchor:0x36696169C63e42cd08ce11f5deeBbCeBae652050:WBNB/USDT | slot0_pool_anchor:0x6805E0E5333c5c3acCF2930Be4734E2b98f4Ce06:WBNB/USDT | slot0_pool_anchor:0x81A9b5F18179cE2bf8f001b8a634Db80771F1824:WBNB/USDC | slot0_pool_anchor:0xc721dECCD986D54B39e8c29428A1f06155c3671e:WBNB/USDC | slot0_pool_anchor:0xf2688Fb5B81049DFB7703aDa5e770543770612C4:WBNB/USDC,685.6397874332431,1.458491788732964,1458491788732964086,yes,996981685685591199267,683570.3110483051,0.0,,3032210289385265931946301051,4,265805,101731088,1780335571,yes,medium,,yes,no,1780335571,"quoteExactInputSingle((address,address,uint256,uint24,uint160))",0xc6a5026a,0xeb5bab9ce7fbed47783878b9553d60a545eca56fe58ed61a29ab83fcc1a1825b,0,,
20260601_173837,0x81A9b5F18179cE2bf8f001b8a634Db80771F1824,WBNB/USDC,BSC,PancakeSwap V3,concentrated_liquidity,500,quoter_v2_staticcall,token0_to_token1,2000,0xbb4CdB9CBd36B01bD1cBaEBF2De08d9173bc095c,WBNB,0x8AC76a51cc950d9822D68b83fE1Ad97B32Cd580d,USDC,18,slot0_pool_anchor:0x1401ff943D08a7E098328C1d3a9d388923B115D2:WBNB/USDT | slot0_pool_anchor:0x172fcD41E0913e95784454622d1c3724f546f849:WBNB/USDT | slot0_pool_anchor:0x18C5aFFA481e7EDbF37405AdE553827d6387899f:WBNB/USDC | slot0_pool_anchor:0x36696169C63e42cd08ce11f5deeBbCeBae652050:WBNB/USDT | slot0_pool_anchor:0x6805E0E5333c5c3acCF2930Be4734E2b98f4Ce06:WBNB/USDT | slot0_pool_anchor:0x81A9b5F18179cE2bf8f001b8a634Db80771F1824:WBNB/USDC | slot0_pool_anchor:0xc721dECCD986D54B39e8c29428A1f06155c3671e:WBNB/USDC | slot0_pool_anchor:0xf2688Fb5B81049DFB7703aDa5e770543770612C4:WBNB/USDC,685.6397874332431,2.916983577465928,2916983577465928172,yes,1990133239355389295911,1364514.5311954606,0.0,,3038581520446841007239975579,6,326657,101731088,1780335571,yes,medium,,yes,no,1780335571,"quoteExactInputSingle((address,address,uint256,uint24,uint160))",0xc6a5026a,0xf98f7bf91b51404fcf6df0ec52d5ce9e3b1dc3e8adcd9dfda1f8ee5894628670,0,,
20260601_173837,0x81A9b5F18179cE2bf8f001b8a634Db80771F1824,WBNB/USDC,BSC,PancakeSwap V3,concentrated_liquidity,500,quoter_v2_staticcall,token1_to_token0,20,0x8AC76a51cc950d9822D68b83fE1Ad97B32Cd580d,USDC,0xbb4CdB9CBd36B01bD1cBaEBF2De08d9173bc095c,WBNB,18,stable_anchor,1.0,20.0,20000000000000000000,yes,29173401187098519,0.02917340118709852,99.85413299406451,,3026619678693072984430965540,1,123574,101731088,1780335572,yes,high,,yes,no,1780335572,"quoteExactInputSingle((address,address,uint256,uint24,uint160))",0xc6a5026a,0xc97e167aebcea9d3e959cb27db967913415580c0333f471ae5028933856b1795,0,,
20260601_173837,0x81A9b5F18179cE2bf8f001b8a634Db80771F1824,WBNB/USDC,BSC,PancakeSwap V3,concentrated_liquidity,500,quoter_v2_staticcall,token1_to_token0,100,0x8AC76a51cc950d9822D68b83fE1Ad97B32Cd580d,USDC,0xbb4CdB9CBd36B01bD1cBaEBF2De08d9173bc095c,WBNB,18,stable_anchor,1.0,100.0,100000000000000000000,yes,145843183873998273,0.14584318387399828,99.85415681612601,,3026125390628110241959983411,1,132301,101731088,1780335572,yes,high,,yes,no,1780335572,"quoteExactInputSingle((address,address,uint256,uint24,uint160))",0xc6a5026a,0x323fab365922fd024aa8ddcd846075fdad13747556c0195246caa71dabd8b0fd,0,,
20260601_173837,0x81A9b5F18179cE2bf8f001b8a634Db80771F1824,WBNB/USDC,BSC,PancakeSwap V3,concentrated_liquidity,500,quoter_v2_staticcall,token1_to_token0,500,0x8AC76a51cc950d9822D68b83fE1Ad97B32Cd580d,USDC,0xbb4CdB9CBd36B01bD1cBaEBF2De08d9173bc095c,WBNB,18,stable_anchor,1.0,500.0,500000000000000000000,yes,728620655361115142,0.7286206553611151,99.85427586892777,,3023650482441844823729702354,3,192239,101731088,1780335573,yes,high,,yes,no,1780335573,"quoteExactInputSingle((address,address,uint256,uint24,uint160))",0xc6a5026a,0xe3cfd2cea388378135cd5c52963ac95d71b71cbfd753c7311fdb39875d4a1629,0,,
20260601_173837,0x81A9b5F18179cE2bf8f001b8a634Db80771F1824,WBNB/USDC,BSC,PancakeSwap V3,concentrated_liquidity,500,quoter_v2_staticcall,token1_to_token0,1000,0x8AC76a51cc950d9822D68b83fE1Ad97B32Cd580d,USDC,0xbb4CdB9CBd36B01bD1cBaEBF2De08d9173bc095c,WBNB,18,stable_anchor,1.0,1000.0,1000000000000000000000,yes,1455721602357474207,1.4557216023574742,99.85442783976426,,3020434951607763413483399135,5,247943,101731088,1780335573,yes,medium,,yes,no,1780335573,"quoteExactInputSingle((address,address,uint256,uint24,uint160))",0xc6a5026a,0x9b009a8b93a963f22fba67edc968b54b1744511ab9795dff6db99861d62d792f,0,,
20260601_173837,0x81A9b5F18179cE2bf8f001b8a634Db80771F1824,WBNB/USDC,BSC,PancakeSwap V3,concentrated_liquidity,500,quoter_v2_staticcall,token1_to_token0,2000,0x8AC76a51cc950d9822D68b83fE1Ad97B32Cd580d,USDC,0xbb4CdB9CBd36B01bD1cBaEBF2De08d9173bc095c,WBNB,18,stable_anchor,1.0,2000.0,2000000000000000000000,yes,2905293883194097746,2.9052938831940978,99.8547353058403,,3014024356208805645628574615,6,275247,101731088,1780335573,yes,medium,,yes,no,1780335573,"quoteExactInputSingle((address,address,uint256,uint24,uint160))",0xc6a5026a,0x5b410f1c6d0f416a14eaf71d956d946d61c5e9b99d73d25981ca6f2aa62726b2,0,,
20260601_173837,0xc721dECCD986D54B39e8c29428A1f06155c3671e,WBNB/USDC,BSC,PancakeSwap V3,concentrated_liquidity,2500,quoter_v2_staticcall,token0_to_token1,20,0xbb4CdB9CBd36B01bD1cBaEBF2De08d9173bc095c,WBNB,0x8AC76a51cc950d9822D68b83fE1Ad97B32Cd580d,USDC,18,slot0_pool_anchor:0x1401ff943D08a7E098328C1d3a9d388923B115D2:WBNB/USDT | slot0_pool_anchor:0x172fcD41E0913e95784454622d1c3724f546f849:WBNB/USDT | slot0_pool_anchor:0x18C5aFFA481e7EDbF37405AdE553827d6387899f:WBNB/USDC | slot0_pool_anchor:0x36696169C63e42cd08ce11f5deeBbCeBae652050:WBNB/USDT | slot0_pool_anchor:0x6805E0E5333c5c3acCF2930Be4734E2b98f4Ce06:WBNB/USDT | slot0_pool_anchor:0x81A9b5F18179cE2bf8f001b8a634Db80771F1824:WBNB/USDC | slot0_pool_anchor:0xc721dECCD986D54B39e8c29428A1f06155c3671e:WBNB/USDC | slot0_pool_anchor:0xf2688Fb5B81049DFB7703aDa5e770543770612C4:WBNB/USDC,685.6397874332431,0.02916983577465928,29169835774659281,yes,19914086376417943579,13653.889950054441,0.0,,3030024670669580955968708199,1,100704,101731092,1780335574,yes,high,,yes,no,1780335574,"quoteExactInputSingle((address,address,uint256,uint24,uint160))",0xc6a5026a,0x62cbd71f9c282ee8c4b9f06813f398e10b1dd455cc665f853a8bb6523ccbf607,0,,
20260601_173837,0xc721dECCD986D54B39e8c29428A1f06155c3671e,WBNB/USDC,BSC,PancakeSwap V3,concentrated_liquidity,2500,quoter_v2_staticcall,token0_to_token1,100,0xbb4CdB9CBd36B01bD1cBaEBF2De08d9173bc095c,WBNB,0x8AC76a51cc950d9822D68b83fE1Ad97B32Cd580d,USDC,18,slot0_pool_anchor:0x1401ff943D08a7E098328C1d3a9d388923B115D2:WBNB/USDT | slot0_pool_anchor:0x172fcD41E0913e95784454622d1c3724f546f849:WBNB/USDT | slot0_pool_anchor:0x18C5aFFA481e7EDbF37405AdE553827d6387899f:WBNB/USDC | slot0_pool_anchor:0x36696169C63e42cd08ce11f5deeBbCeBae652050:WBNB/USDT | slot0_pool_anchor:0x6805E0E5333c5c3acCF2930Be4734E2b98f4Ce06:WBNB/USDT | slot0_pool_anchor:0x81A9b5F18179cE2bf8f001b8a634Db80771F1824:WBNB/USDC | slot0_pool_anchor:0xc721dECCD986D54B39e8c29428A1f06155c3671e:WBNB/USDC | slot0_pool_anchor:0xf2688Fb5B81049DFB7703aDa5e770543770612C4:WBNB/USDC,685.6397874332431,0.1458491788732964,145849178873296408,yes,99162712019730951208,67989.90079051223,0.0,,3042482205518596806060886759,3,155399,101731092,1780335574,yes,high,,yes,no,1780335574,"quoteExactInputSingle((address,address,uint256,uint24,uint160))",0xc6a5026a,0xa36058c4a185c1742c5aca2bdf3330febbc9e6d55afa0ab5cce5678c6d15b7ab,0,,
20260601_173837,0xc721dECCD986D54B39e8c29428A1f06155c3671e,WBNB/USDC,BSC,PancakeSwap V3,concentrated_liquidity,2500,quoter_v2_staticcall,token0_to_token1,500,0xbb4CdB9CBd36B01bD1cBaEBF2De08d9173bc095c,WBNB,0x8AC76a51cc950d9822D68b83fE1Ad97B32Cd580d,USDC,18,slot0_pool_anchor:0x1401ff943D08a7E098328C1d3a9d388923B115D2:WBNB/USDT | slot0_pool_anchor:0x172fcD41E0913e95784454622d1c3724f546f849:WBNB/USDT | slot0_pool_anchor:0x18C5aFFA481e7EDbF37405AdE553827d6387899f:WBNB/USDC | slot0_pool_anchor:0x36696169C63e42cd08ce11f5deeBbCeBae652050:WBNB/USDT | slot0_pool_anchor:0x6805E0E5333c5c3acCF2930Be4734E2b98f4Ce06:WBNB/USDT | slot0_pool_anchor:0x81A9b5F18179cE2bf8f001b8a634Db80771F1824:WBNB/USDC | slot0_pool_anchor:0xc721dECCD986D54B39e8c29428A1f06155c3671e:WBNB/USDC | slot0_pool_anchor:0xf2688Fb5B81049DFB7703aDa5e770543770612C4:WBNB/USDC,685.6397874332431,0.729245894366482,729245894366482043,yes,485903081824742357795,333154.4857354741,0.0,,3104400271151701084427367699,8,276442,101731092,1780335575,yes,high,,yes,no,1780335575,"quoteExactInputSingle((address,address,uint256,uint24,uint160))",0xc6a5026a,0xe40639e10a3c182c4fe27a7bad59846f6198d38c1e253f1a3038bf8f64a0f5cf,0,,
20260601_173837,0xc721dECCD986D54B39e8c29428A1f06155c3671e,WBNB/USDC,BSC,PancakeSwap V3,concentrated_liquidity,2500,quoter_v2_staticcall,token0_to_token1,1000,0xbb4CdB9CBd36B01bD1cBaEBF2De08d9173bc095c,WBNB,0x8AC76a51cc950d9822D68b83fE1Ad97B32Cd580d,USDC,18,slot0_pool_anchor:0x1401ff943D08a7E098328C1d3a9d388923B115D2:WBNB/USDT | slot0_pool_anchor:0x172fcD41E0913e95784454622d1c3724f546f849:WBNB/USDT | slot0_pool_anchor:0x18C5aFFA481e7EDbF37405AdE553827d6387899f:WBNB/USDC | slot0_pool_anchor:0x36696169C63e42cd08ce11f5deeBbCeBae652050:WBNB/USDT | slot0_pool_anchor:0x6805E0E5333c5c3acCF2930Be4734E2b98f4Ce06:WBNB/USDT | slot0_pool_anchor:0x81A9b5F18179cE2bf8f001b8a634Db80771F1824:WBNB/USDC | slot0_pool_anchor:0xc721dECCD986D54B39e8c29428A1f06155c3671e:WBNB/USDC | slot0_pool_anchor:0xf2688Fb5B81049DFB7703aDa5e770543770612C4:WBNB/USDC,685.6397874332431,1.458491788732964,1458491788732964086,yes,946560842262325627956,648999.7746813725,0.0,,3200086204094742764133895322,18,518518,101731092,1780335575,yes,medium,,yes,no,1780335575,"quoteExactInputSingle((address,address,uint256,uint24,uint160))",0xc6a5026a,0xb5666d9a62200e33a4aacc585eb2afb95191b39666e1e34abdb989a7f107359b,0,,
20260601_173837,0xc721dECCD986D54B39e8c29428A1f06155c3671e,WBNB/USDC,BSC,PancakeSwap V3,concentrated_liquidity,2500,quoter_v2_staticcall,token0_to_token1,2000,0xbb4CdB9CBd36B01bD1cBaEBF2De08d9173bc095c,WBNB,0x8AC76a51cc950d9822D68b83fE1Ad97B32Cd580d,USDC,18,slot0_pool_anchor:0x1401ff943D08a7E098328C1d3a9d388923B115D2:WBNB/USDT | slot0_pool_anchor:0x172fcD41E0913e95784454622d1c3724f546f849:WBNB/USDT | slot0_pool_anchor:0x18C5aFFA481e7EDbF37405AdE553827d6387899f:WBNB/USDC | slot0_pool_anchor:0x36696169C63e42cd08ce11f5deeBbCeBae652050:WBNB/USDT | slot0_pool_anchor:0x6805E0E5333c5c3acCF2930Be4734E2b98f4Ce06:WBNB/USDT | slot0_pool_anchor:0x81A9b5F18179cE2bf8f001b8a634Db80771F1824:WBNB/USDC | slot0_pool_anchor:0xc721dECCD986D54B39e8c29428A1f06155c3671e:WBNB/USDC | slot0_pool_anchor:0xf2688Fb5B81049DFB7703aDa5e770543770612C4:WBNB/USDC,685.6397874332431,2.916983577465928,2916983577465928172,yes,1623914289399068865805,1113420.2481933837,0.0,,428070187606824392593926311271,62,1799435,101731092,1780335576,yes,medium,,yes,no,1780335576,"quoteExactInputSingle((address,address,uint256,uint24,uint160))",0xc6a5026a,0x4cc562835734f7d4fc27028973711eaa85a52181d7e5714b6391d7c4d94b8546,0,,
20260601_173837,0xc721dECCD986D54B39e8c29428A1f06155c3671e,WBNB/USDC,BSC,PancakeSwap V3,concentrated_liquidity,2500,quoter_v2_staticcall,token1_to_token0,20,0x8AC76a51cc950d9822D68b83fE1Ad97B32Cd580d,USDC,0xbb4CdB9CBd36B01bD1cBaEBF2De08d9173bc095c,WBNB,18,stable_anchor,1.0,20.0,20000000000000000000,yes,29078035135500026,0.029078035135500026,99.8546098243225,,3022550777258739158833573273,1,131556,101731092,1780335576,yes,high,,yes,no,1780335576,"quoteExactInputSingle((address,address,uint256,uint24,uint160))",0xc6a5026a,0x546f478d704601ed7c002278f30a70d3d763846b7574eb497dcfc0435b0581ab,0,,
20260601_173837,0xc721dECCD986D54B39e8c29428A1f06155c3671e,WBNB/USDC,BSC,PancakeSwap V3,concentrated_liquidity,2500,quoter_v2_staticcall,token1_to_token0,100,0x8AC76a51cc950d9822D68b83fE1Ad97B32Cd580d,USDC,0xbb4CdB9CBd36B01bD1cBaEBF2De08d9173bc095c,WBNB,18,stable_anchor,1.0,100.0,100000000000000000000,yes,144546164320807438,0.14454616432080744,99.8554538356792,,3005002239846409012757232536,2,155750,101731092,1780335576,yes,high,,yes,no,1780335576,"quoteExactInputSingle((address,address,uint256,uint24,uint160))",0xc6a5026a,0x0a0d233b0168acf55ca93df5c8116eede2728c4d982d8686f1ea414bd6fcc8b2,0,,
20260601_173837,0xc721dECCD986D54B39e8c29428A1f06155c3671e,WBNB/USDC,BSC,PancakeSwap V3,concentrated_liquidity,2500,quoter_v2_staticcall,token1_to_token0,500,0x8AC76a51cc950d9822D68b83fE1Ad97B32Cd580d,USDC,0xbb4CdB9CBd36B01bD1cBaEBF2De08d9173bc095c,WBNB,18,stable_anchor,1.0,500.0,500000000000000000000,yes,354202448354975840,0.35420244835497583,99.929159510329,,14238268058967351949486755,16,552580,101731092,1780335577,yes,high,,yes,no,1780335577,"quoteExactInputSingle((address,address,uint256,uint24,uint160))",0xc6a5026a,0xf037179023372100c6c73202a9f6c97f87314bf10590b5deca491e4710894c50,0,,
20260601_173837,0xc721dECCD986D54B39e8c29428A1f06155c3671e,WBNB/USDC,BSC,PancakeSwap V3,concentrated_liquidity,2500,quoter_v2_staticcall,token1_to_token0,1000,0x8AC76a51cc950d9822D68b83fE1Ad97B32Cd580d,USDC,0xbb4CdB9CBd36B01bD1cBaEBF2De08d9173bc095c,WBNB,18,stable_anchor,1.0,1000.0,1000000000000000000000,yes,354206909377965629,0.3542069093779656,99.9645793090622,,3943243128364236321179780,16,566708,101731092,1780335577,yes,medium,,yes,no,1780335577,"quoteExactInputSingle((address,address,uint256,uint24,uint160))",0xc6a5026a,0x3642a0cd793c478eaa103bd46e6cb84d712030636a402cf82df58b4505f134bf,0,,
20260601_173837,0xc721dECCD986D54B39e8c29428A1f06155c3671e,WBNB/USDC,BSC,PancakeSwap V3,concentrated_liquidity,2500,quoter_v2_staticcall,token1_to_token0,2000,0x8AC76a51cc950d9822D68b83fE1Ad97B32Cd580d,USDC,0xbb4CdB9CBd36B01bD1cBaEBF2De08d9173bc095c,WBNB,18,stable_anchor,1.0,2000.0,2000000000000000000000,yes,354207919527137361,0.35420791952713737,99.98228960402365,,1612048931332690071727015,16,575301,101731092,1780335578,yes,medium,,yes,no,1780335578,"quoteExactInputSingle((address,address,uint256,uint24,uint160))",0xc6a5026a,0xa3a8d037a9c7bdeb75b87031a4822b7bb04892068e66b26ef305dd365e22cb21,0,,
20260601_173837,0x18C5aFFA481e7EDbF37405AdE553827d6387899f,WBNB/USDC,BSC,PancakeSwap V3,concentrated_liquidity,10000,quoter_v2_staticcall,token0_to_token1,20,0xbb4CdB9CBd36B01bD1cBaEBF2De08d9173bc095c,WBNB,0x8AC76a51cc950d9822D68b83fE1Ad97B32Cd580d,USDC,18,slot0_pool_anchor:0x1401ff943D08a7E098328C1d3a9d388923B115D2:WBNB/USDT | slot0_pool_anchor:0x172fcD41E0913e95784454622d1c3724f546f849:WBNB/USDT | slot0_pool_anchor:0x18C5aFFA481e7EDbF37405AdE553827d6387899f:WBNB/USDC | slot0_pool_anchor:0x36696169C63e42cd08ce11f5deeBbCeBae652050:WBNB/USDT | slot0_pool_anchor:0x6805E0E5333c5c3acCF2930Be4734E2b98f4Ce06:WBNB/USDT | slot0_pool_anchor:0x81A9b5F18179cE2bf8f001b8a634Db80771F1824:WBNB/USDC | slot0_pool_anchor:0xc721dECCD986D54B39e8c29428A1f06155c3671e:WBNB/USDC | slot0_pool_anchor:0xf2688Fb5B81049DFB7703aDa5e770543770612C4:WBNB/USDC,685.6397874332431,0.02916983577465928,29169835774659281,yes,10660745433087325011,7309.431232621911,0.0,,1461446703485210103287273052203988822378723970341,11,508531,101731097,1780335578,yes,high,,yes,no,1780335578,"quoteExactInputSingle((address,address,uint256,uint24,uint160))",0xc6a5026a,0xc57b3894651baecf3ce0bbb73b44d16b6e791d15d96bc98b761e0a11cebf684b,0,,
20260601_173837,0x18C5aFFA481e7EDbF37405AdE553827d6387899f,WBNB/USDC,BSC,PancakeSwap V3,concentrated_liquidity,10000,quoter_v2_staticcall,token0_to_token1,100,0xbb4CdB9CBd36B01bD1cBaEBF2De08d9173bc095c,WBNB,0x8AC76a51cc950d9822D68b83fE1Ad97B32Cd580d,USDC,18,slot0_pool_anchor:0x1401ff943D08a7E098328C1d3a9d388923B115D2:WBNB/USDT | slot0_pool_anchor:0x172fcD41E0913e95784454622d1c3724f546f849:WBNB/USDT | slot0_pool_anchor:0x18C5aFFA481e7EDbF37405AdE553827d6387899f:WBNB/USDC | slot0_pool_anchor:0x36696169C63e42cd08ce11f5deeBbCeBae652050:WBNB/USDT | slot0_pool_anchor:0x6805E0E5333c5c3acCF2930Be4734E2b98f4Ce06:WBNB/USDT | slot0_pool_anchor:0x81A9b5F18179cE2bf8f001b8a634Db80771F1824:WBNB/USDC | slot0_pool_anchor:0xc721dECCD986D54B39e8c29428A1f06155c3671e:WBNB/USDC | slot0_pool_anchor:0xf2688Fb5B81049DFB7703aDa5e770543770612C4:WBNB/USDC,685.6397874332431,0.1458491788732964,145849178873296408,yes,10660745433087325011,7309.431232621911,0.0,,1461446703485210103287273052203988822378723970341,11,508531,101731097,1780335579,yes,high,,yes,no,1780335579,"quoteExactInputSingle((address,address,uint256,uint24,uint160))",0xc6a5026a,0xfb149268c83c73d7b3bd7bb9239bf5b22a447081bfc7e950abf41f5644b1a8d0,0,,
20260601_173837,0x18C5aFFA481e7EDbF37405AdE553827d6387899f,WBNB/USDC,BSC,PancakeSwap V3,concentrated_liquidity,10000,quoter_v2_staticcall,token0_to_token1,500,0xbb4CdB9CBd36B01bD1cBaEBF2De08d9173bc095c,WBNB,0x8AC76a51cc950d9822D68b83fE1Ad97B32Cd580d,USDC,18,slot0_pool_anchor:0x1401ff943D08a7E098328C1d3a9d388923B115D2:WBNB/USDT | slot0_pool_anchor:0x172fcD41E0913e95784454622d1c3724f546f849:WBNB/USDT | slot0_pool_anchor:0x18C5aFFA481e7EDbF37405AdE553827d6387899f:WBNB/USDC | slot0_pool_anchor:0x36696169C63e42cd08ce11f5deeBbCeBae652050:WBNB/USDT | slot0_pool_anchor:0x6805E0E5333c5c3acCF2930Be4734E2b98f4Ce06:WBNB/USDT | slot0_pool_anchor:0x81A9b5F18179cE2bf8f001b8a634Db80771F1824:WBNB/USDC | slot0_pool_anchor:0xc721dECCD986D54B39e8c29428A1f06155c3671e:WBNB/USDC | slot0_pool_anchor:0xf2688Fb5B81049DFB7703aDa5e770543770612C4:WBNB/USDC,685.6397874332431,0.729245894366482,729245894366482043,yes,10660745433087325011,7309.431232621911,0.0,,1461446703485210103287273052203988822378723970341,11,508531,101731097,1780335579,yes,high,,yes,no,1780335579,"quoteExactInputSingle((address,address,uint256,uint24,uint160))",0xc6a5026a,0x4720fd08d3e7353d7ecdf366fd6b82583d20efb4e398e062fd05444e00b825e2,0,,
20260601_173837,0x18C5aFFA481e7EDbF37405AdE553827d6387899f,WBNB/USDC,BSC,PancakeSwap V3,concentrated_liquidity,10000,quoter_v2_staticcall,token0_to_token1,1000,0xbb4CdB9CBd36B01bD1cBaEBF2De08d9173bc095c,WBNB,0x8AC76a51cc950d9822D68b83fE1Ad97B32Cd580d,USDC,18,slot0_pool_anchor:0x1401ff943D08a7E098328C1d3a9d388923B115D2:WBNB/USDT | slot0_pool_anchor:0x172fcD41E0913e95784454622d1c3724f546f849:WBNB/USDT | slot0_pool_anchor:0x18C5aFFA481e7EDbF37405AdE553827d6387899f:WBNB/USDC | slot0_pool_anchor:0x36696169C63e42cd08ce11f5deeBbCeBae652050:WBNB/USDT | slot0_pool_anchor:0x6805E0E5333c5c3acCF2930Be4734E2b98f4Ce06:WBNB/USDT | slot0_pool_anchor:0x81A9b5F18179cE2bf8f001b8a634Db80771F1824:WBNB/USDC | slot0_pool_anchor:0xc721dECCD986D54B39e8c29428A1f06155c3671e:WBNB/USDC | slot0_pool_anchor:0xf2688Fb5B81049DFB7703aDa5e770543770612C4:WBNB/USDC,685.6397874332431,1.458491788732964,1458491788732964086,yes,10660745433087325011,7309.431232621911,0.0,,1461446703485210103287273052203988822378723970341,11,508531,101731097,1780335579,yes,medium,,yes,no,1780335579,"quoteExactInputSingle((address,address,uint256,uint24,uint160))",0xc6a5026a,0x848db73af25dba4ef73765fcdb7bf22bb27aeade4a12077fad3a187870cc19f7,0,,
20260601_173837,0x18C5aFFA481e7EDbF37405AdE553827d6387899f,WBNB/USDC,BSC,PancakeSwap V3,concentrated_liquidity,10000,quoter_v2_staticcall,token0_to_token1,2000,0xbb4CdB9CBd36B01bD1cBaEBF2De08d9173bc095c,WBNB,0x8AC76a51cc950d9822D68b83fE1Ad97B32Cd580d,USDC,18,slot0_pool_anchor:0x1401ff943D08a7E098328C1d3a9d388923B115D2:WBNB/USDT | slot0_pool_anchor:0x172fcD41E0913e95784454622d1c3724f546f849:WBNB/USDT | slot0_pool_anchor:0x18C5aFFA481e7EDbF37405AdE553827d6387899f:WBNB/USDC | slot0_pool_anchor:0x36696169C63e42cd08ce11f5deeBbCeBae652050:WBNB/USDT | slot0_pool_anchor:0x6805E0E5333c5c3acCF2930Be4734E2b98f4Ce06:WBNB/USDT | slot0_pool_anchor:0x81A9b5F18179cE2bf8f001b8a634Db80771F1824:WBNB/USDC | slot0_pool_anchor:0xc721dECCD986D54B39e8c29428A1f06155c3671e:WBNB/USDC | slot0_pool_anchor:0xf2688Fb5B81049DFB7703aDa5e770543770612C4:WBNB/USDC,685.6397874332431,2.916983577465928,2916983577465928172,yes,10660745433087325011,7309.431232621911,0.0,,1461446703485210103287273052203988822378723970341,11,508531,101731097,1780335580,yes,medium,,yes,no,1780335580,"quoteExactInputSingle((address,address,uint256,uint24,uint160))",0xc6a5026a,0xec4c5a3b8d0e5026f55fba799504d9d1d700e73897cbb662ac9d138c4e03487d,0,,
20260601_173837,0x18C5aFFA481e7EDbF37405AdE553827d6387899f,WBNB/USDC,BSC,PancakeSwap V3,concentrated_liquidity,10000,quoter_v2_staticcall,token1_to_token0,20,0x8AC76a51cc950d9822D68b83fE1Ad97B32Cd580d,USDC,0xbb4CdB9CBd36B01bD1cBaEBF2De08d9173bc095c,WBNB,18,stable_anchor,1.0,20.0,20000000000000000000,yes,2308177659575,2.308177659575e-06,99.9999884591117,,4295128740,1,244189,101731097,1780335580,yes,high,,yes,no,1780335580,"quoteExactInputSingle((address,address,uint256,uint24,uint160))",0xc6a5026a,0x6cfbb9ae99204c861874f2807f35fb3b85e6ccb39fbef7778c9dfb6883c8ffd8,0,,
20260601_173837,0x18C5aFFA481e7EDbF37405AdE553827d6387899f,WBNB/USDC,BSC,PancakeSwap V3,concentrated_liquidity,10000,quoter_v2_staticcall,token1_to_token0,100,0x8AC76a51cc950d9822D68b83fE1Ad97B32Cd580d,USDC,0xbb4CdB9CBd36B01bD1cBaEBF2De08d9173bc095c,WBNB,18,stable_anchor,1.0,100.0,100000000000000000000,yes,2308177659575,2.308177659575e-06,99.99999769182234,,4295128740,1,244189,101731097,1780335581,yes,high,,yes,no,1780335581,"quoteExactInputSingle((address,address,uint256,uint24,uint160))",0xc6a5026a,0xa30dee3a56681b049573e134e2687e9da7280cfe597c3467ef7e1ab809ed7353,0,,
20260601_173837,0x18C5aFFA481e7EDbF37405AdE553827d6387899f,WBNB/USDC,BSC,PancakeSwap V3,concentrated_liquidity,10000,quoter_v2_staticcall,token1_to_token0,500,0x8AC76a51cc950d9822D68b83fE1Ad97B32Cd580d,USDC,0xbb4CdB9CBd36B01bD1cBaEBF2De08d9173bc095c,WBNB,18,stable_anchor,1.0,500.0,500000000000000000000,yes,2308177659575,2.308177659575e-06,99.99999953836446,,4295128740,1,244189,101731097,1780335581,yes,high,,yes,no,1780335581,"quoteExactInputSingle((address,address,uint256,uint24,uint160))",0xc6a5026a,0x769ed4bcb5a73b7daee8a302ae586b8f1f03d3fe83bbacabb1cebd81572f73ff,0,,
20260601_173837,0x18C5aFFA481e7EDbF37405AdE553827d6387899f,WBNB/USDC,BSC,PancakeSwap V3,concentrated_liquidity,10000,quoter_v2_staticcall,token1_to_token0,1000,0x8AC76a51cc950d9822D68b83fE1Ad97B32Cd580d,USDC,0xbb4CdB9CBd36B01bD1cBaEBF2De08d9173bc095c,WBNB,18,stable_anchor,1.0,1000.0,1000000000000000000000,yes,2308177659575,2.308177659575e-06,99.99999976918224,,4295128740,1,244189,101731097,1780335582,yes,medium,,yes,no,1780335582,"quoteExactInputSingle((address,address,uint256,uint24,uint160))",0xc6a5026a,0x06eb12df99a77e4ba0467d527cb904b6888615a60ebba37c3bfdd6b811f8d879,0,,
20260601_173837,0x18C5aFFA481e7EDbF37405AdE553827d6387899f,WBNB/USDC,BSC,PancakeSwap V3,concentrated_liquidity,10000,quoter_v2_staticcall,token1_to_token0,2000,0x8AC76a51cc950d9822D68b83fE1Ad97B32Cd580d,USDC,0xbb4CdB9CBd36B01bD1cBaEBF2De08d9173bc095c,WBNB,18,stable_anchor,1.0,2000.0,2000000000000000000000,yes,2308177659575,2.308177659575e-06,99.99999988459112,,4295128740,1,244189,101731097,1780335582,yes,medium,,yes,no,1780335582,"quoteExactInputSingle((address,address,uint256,uint24,uint160))",0xc6a5026a,0xb88e4f2609f01721546faaa831d10caffcf8ec908feb32034458e62b039664ea,0,,
