position_id,pool_id,token_pair,open_time,close_time,horizon,target_time,horizon_matured,latest_mark_before_open,first_mark_after_open,mark_count_after_open,mark_count_before_target,mark_count_after_target,nearest_mark_to_target,nearest_pool_mark_to_target,mark_distance_seconds,pool_mark_distance_seconds,position_level_mark_exists,pool_level_mark_exists,terminal_before_target,materializer_invalid_reason
shadow-pos-cb15043da11c7e25ca7f64a4,0x72ab388e2e2f6facef59e3c3fa2c4e29011c2d38,0x72ab388e2e2f6facef59e3c3fa2c4e29011c2d38,2026-05-30T12:34:45+00:00,1970-01-01T00:00:00+00:00,6h,2026-05-30T18:34:45+00:00,False,,2026-05-30T12:35:07+00:00,116,116,0,,,,,False,False,True,no_future_mark
shadow-pos-cb15043da11c7e25ca7f64a4,0x72ab388e2e2f6facef59e3c3fa2c4e29011c2d38,0x72ab388e2e2f6facef59e3c3fa2c4e29011c2d38,2026-05-30T12:34:45+00:00,1970-01-01T00:00:00+00:00,12h,2026-05-31T00:34:45+00:00,False,,2026-05-30T12:35:07+00:00,116,116,0,,,,,False,False,True,no_future_mark
shadow-pos-cb15043da11c7e25ca7f64a4,0x72ab388e2e2f6facef59e3c3fa2c4e29011c2d38,0x72ab388e2e2f6facef59e3c3fa2c4e29011c2d38,2026-05-30T12:34:45+00:00,1970-01-01T00:00:00+00:00,24h,2026-05-31T12:34:45+00:00,False,,2026-05-30T12:35:07+00:00,116,116,0,,,,,False,False,True,no_future_mark
shadow-pos-be9a6eabd2e675efc19537d7,0x72ab388e2e2f6facef59e3c3fa2c4e29011c2d38,0x72ab388e2e2f6facef59e3c3fa2c4e29011c2d38,2026-05-30T00:33:46+00:00,2026-05-30T12:34:10+00:00,6h,2026-05-30T06:33:46+00:00,True,,2026-05-30T00:34:08+00:00,722,360,362,2026-05-30T06:34:08+00:00,2026-05-30T06:34:08+00:00,22,22,True,True,False,
shadow-pos-be9a6eabd2e675efc19537d7,0x72ab388e2e2f6facef59e3c3fa2c4e29011c2d38,0x72ab388e2e2f6facef59e3c3fa2c4e29011c2d38,2026-05-30T00:33:46+00:00,2026-05-30T12:34:10+00:00,12h,2026-05-30T12:33:46+00:00,True,,2026-05-30T00:34:08+00:00,722,720,2,2026-05-30T12:34:07+00:00,2026-05-30T12:34:07+00:00,21,21,True,True,False,
shadow-pos-be9a6eabd2e675efc19537d7,0x72ab388e2e2f6facef59e3c3fa2c4e29011c2d38,0x72ab388e2e2f6facef59e3c3fa2c4e29011c2d38,2026-05-30T00:33:46+00:00,2026-05-30T12:34:10+00:00,24h,2026-05-31T00:33:46+00:00,False,,2026-05-30T00:34:08+00:00,722,722,0,,,,,False,False,True,no_future_mark
shadow-pos-b60682a65fc987e4cafc2c35,0xb2cc224c1c9fee385f8ad6a55b4d94e92359dc59,0xb2cc224c1c9fee385f8ad6a55b4d94e92359dc59,2026-05-28T15:57:43+00:00,2026-05-29T03:57:47+00:00,6h,2026-05-28T21:57:43+00:00,True,,2026-05-28T15:57:44+00:00,722,360,362,2026-05-28T21:57:44+00:00,2026-05-28T21:57:44+00:00,1,1,True,True,False,
shadow-pos-b60682a65fc987e4cafc2c35,0xb2cc224c1c9fee385f8ad6a55b4d94e92359dc59,0xb2cc224c1c9fee385f8ad6a55b4d94e92359dc59,2026-05-28T15:57:43+00:00,2026-05-29T03:57:47+00:00,12h,2026-05-29T03:57:43+00:00,True,,2026-05-28T15:57:44+00:00,722,720,2,2026-05-29T03:57:44+00:00,2026-05-29T03:57:44+00:00,1,1,True,True,False,
shadow-pos-b60682a65fc987e4cafc2c35,0xb2cc224c1c9fee385f8ad6a55b4d94e92359dc59,0xb2cc224c1c9fee385f8ad6a55b4d94e92359dc59,2026-05-28T15:57:43+00:00,2026-05-29T03:57:47+00:00,24h,2026-05-29T15:57:43+00:00,True,,2026-05-28T15:57:44+00:00,722,722,0,,2026-05-29T15:58:00+00:00,,17,False,True,True,no_future_mark
shadow-pos-6bfc5f6e3776703d8e52a015,0x72ab388e2e2f6facef59e3c3fa2c4e29011c2d38,0x72ab388e2e2f6facef59e3c3fa2c4e29011c2d38,2026-05-29T00:20:43+00:00,2026-05-29T12:22:04+00:00,6h,2026-05-29T06:20:43+00:00,True,,2026-05-29T00:20:47+00:00,723,360,363,2026-05-29T06:20:47+00:00,2026-05-29T06:20:47+00:00,4,4,True,True,False,
shadow-pos-6bfc5f6e3776703d8e52a015,0x72ab388e2e2f6facef59e3c3fa2c4e29011c2d38,0x72ab388e2e2f6facef59e3c3fa2c4e29011c2d38,2026-05-29T00:20:43+00:00,2026-05-29T12:22:04+00:00,12h,2026-05-29T12:20:43+00:00,True,,2026-05-29T00:20:47+00:00,723,720,3,2026-05-29T12:21:00+00:00,2026-05-29T12:21:00+00:00,17,17,True,True,False,
shadow-pos-6bfc5f6e3776703d8e52a015,0x72ab388e2e2f6facef59e3c3fa2c4e29011c2d38,0x72ab388e2e2f6facef59e3c3fa2c4e29011c2d38,2026-05-29T00:20:43+00:00,2026-05-29T12:22:04+00:00,24h,2026-05-30T00:20:43+00:00,True,,2026-05-29T00:20:47+00:00,723,723,0,,2026-05-30T00:21:08+00:00,,25,False,True,True,no_future_mark
shadow-pos-e727d909ca2ff30cc5c3183e,0xb2cc224c1c9fee385f8ad6a55b4d94e92359dc59,0xb2cc224c1c9fee385f8ad6a55b4d94e92359dc59,2026-05-29T03:58:43+00:00,2026-05-29T15:59:04+00:00,6h,2026-05-29T09:58:43+00:00,True,,2026-05-29T03:58:45+00:00,722,360,362,2026-05-29T09:59:00+00:00,2026-05-29T09:59:00+00:00,17,17,True,True,False,
shadow-pos-e727d909ca2ff30cc5c3183e,0xb2cc224c1c9fee385f8ad6a55b4d94e92359dc59,0xb2cc224c1c9fee385f8ad6a55b4d94e92359dc59,2026-05-29T03:58:43+00:00,2026-05-29T15:59:04+00:00,12h,2026-05-29T15:58:43+00:00,True,,2026-05-29T03:58:45+00:00,722,720,2,2026-05-29T15:59:00+00:00,2026-05-29T15:59:00+00:00,17,17,True,True,False,
shadow-pos-e727d909ca2ff30cc5c3183e,0xb2cc224c1c9fee385f8ad6a55b4d94e92359dc59,0xb2cc224c1c9fee385f8ad6a55b4d94e92359dc59,2026-05-29T03:58:43+00:00,2026-05-29T15:59:04+00:00,24h,2026-05-30T03:58:43+00:00,True,,2026-05-29T03:58:45+00:00,722,722,0,,2026-05-30T03:59:09+00:00,,26,False,True,True,no_future_mark
shadow-pos-a7e60847b4f934b210634528,0x4e962bb3889bf030368f56810a9c96b83cb3e778,0x4e962bb3889bf030368f56810a9c96b83cb3e778,2026-05-29T05:17:42+00:00,2026-05-29T18:48:11+00:00,6h,2026-05-29T11:17:42+00:00,True,,2026-05-29T05:17:44+00:00,812,360,452,2026-05-29T11:18:03+00:00,2026-05-29T11:18:03+00:00,21,21,True,True,False,
shadow-pos-a7e60847b4f934b210634528,0x4e962bb3889bf030368f56810a9c96b83cb3e778,0x4e962bb3889bf030368f56810a9c96b83cb3e778,2026-05-29T05:17:42+00:00,2026-05-29T18:48:11+00:00,12h,2026-05-29T17:17:42+00:00,True,,2026-05-29T05:17:44+00:00,812,720,92,2026-05-29T17:18:07+00:00,2026-05-29T17:18:07+00:00,25,25,True,True,False,
shadow-pos-a7e60847b4f934b210634528,0x4e962bb3889bf030368f56810a9c96b83cb3e778,0x4e962bb3889bf030368f56810a9c96b83cb3e778,2026-05-29T05:17:42+00:00,2026-05-29T18:48:11+00:00,24h,2026-05-30T05:17:42+00:00,True,,2026-05-29T05:17:44+00:00,812,812,0,,2026-05-30T05:18:08+00:00,,26,False,True,True,no_future_mark
shadow-pos-05332d81d39fa35f6eb93cb6,0x4e962bb3889bf030368f56810a9c96b83cb3e778,0x4e962bb3889bf030368f56810a9c96b83cb3e778,2026-05-29T18:48:53+00:00,1970-01-01T00:00:00+00:00,6h,2026-05-30T00:48:53+00:00,True,,2026-05-29T18:49:07+00:00,1182,360,822,2026-05-30T00:49:07+00:00,2026-05-30T00:49:07+00:00,14,14,True,True,True,
shadow-pos-05332d81d39fa35f6eb93cb6,0x4e962bb3889bf030368f56810a9c96b83cb3e778,0x4e962bb3889bf030368f56810a9c96b83cb3e778,2026-05-29T18:48:53+00:00,1970-01-01T00:00:00+00:00,12h,2026-05-30T06:48:53+00:00,True,,2026-05-29T18:49:07+00:00,1182,720,462,2026-05-30T06:49:08+00:00,2026-05-30T06:49:08+00:00,15,15,True,True,True,
shadow-pos-05332d81d39fa35f6eb93cb6,0x4e962bb3889bf030368f56810a9c96b83cb3e778,0x4e962bb3889bf030368f56810a9c96b83cb3e778,2026-05-29T18:48:53+00:00,1970-01-01T00:00:00+00:00,24h,2026-05-30T18:48:53+00:00,False,,2026-05-29T18:49:07+00:00,1182,1182,0,,,,,False,False,True,no_future_mark
shadow-pos-58c0de6d8fde29c378bbc29c,0x70acdf2ad0bf2402c957154f944c19ef4e1cbae1,0x70acdf2ad0bf2402c957154f944c19ef4e1cbae1,2026-05-29T05:01:43+00:00,2026-05-29T21:30:11+00:00,6h,2026-05-29T11:01:43+00:00,True,,2026-05-29T05:02:43+00:00,989,359,630,2026-05-29T11:02:00+00:00,2026-05-29T11:02:00+00:00,17,17,True,True,False,
shadow-pos-58c0de6d8fde29c378bbc29c,0x70acdf2ad0bf2402c957154f944c19ef4e1cbae1,0x70acdf2ad0bf2402c957154f944c19ef4e1cbae1,2026-05-29T05:01:43+00:00,2026-05-29T21:30:11+00:00,12h,2026-05-29T17:01:43+00:00,True,,2026-05-29T05:02:43+00:00,989,719,270,2026-05-29T17:02:07+00:00,2026-05-29T17:02:07+00:00,24,24,True,True,False,
shadow-pos-58c0de6d8fde29c378bbc29c,0x70acdf2ad0bf2402c957154f944c19ef4e1cbae1,0x70acdf2ad0bf2402c957154f944c19ef4e1cbae1,2026-05-29T05:01:43+00:00,2026-05-29T21:30:11+00:00,24h,2026-05-30T05:01:43+00:00,True,,2026-05-29T05:02:43+00:00,989,989,0,,2026-05-30T05:02:40+00:00,,57,False,True,True,no_future_mark
shadow-pos-46950591f9141e70df2108ce,0x70acdf2ad0bf2402c957154f944c19ef4e1cbae1,0x70acdf2ad0bf2402c957154f944c19ef4e1cbae1,2026-05-29T21:31:00+00:00,1970-01-01T00:00:00+00:00,6h,2026-05-30T03:31:00+00:00,True,,2026-05-29T21:31:07+00:00,1020,360,660,2026-05-30T03:31:08+00:00,2026-05-30T03:31:08+00:00,8,8,True,True,True,
shadow-pos-46950591f9141e70df2108ce,0x70acdf2ad0bf2402c957154f944c19ef4e1cbae1,0x70acdf2ad0bf2402c957154f944c19ef4e1cbae1,2026-05-29T21:31:00+00:00,1970-01-01T00:00:00+00:00,12h,2026-05-30T09:31:00+00:00,True,,2026-05-29T21:31:07+00:00,1020,720,300,2026-05-30T09:31:07+00:00,2026-05-30T09:31:07+00:00,7,7,True,True,True,
shadow-pos-46950591f9141e70df2108ce,0x70acdf2ad0bf2402c957154f944c19ef4e1cbae1,0x70acdf2ad0bf2402c957154f944c19ef4e1cbae1,2026-05-29T21:31:00+00:00,1970-01-01T00:00:00+00:00,24h,2026-05-30T21:31:00+00:00,False,,2026-05-29T21:31:07+00:00,1020,1020,0,,,,,False,False,True,no_future_mark
shadow-pos-3b1a247c6073bd4b9397a424,0x72ab388e2e2f6facef59e3c3fa2c4e29011c2d38,0x72ab388e2e2f6facef59e3c3fa2c4e29011c2d38,2026-05-29T12:22:46+00:00,2026-05-30T00:33:26+00:00,6h,2026-05-29T18:22:46+00:00,True,,2026-05-29T12:23:00+00:00,732,360,372,2026-05-29T18:23:07+00:00,2026-05-29T18:23:07+00:00,21,21,True,True,False,
shadow-pos-3b1a247c6073bd4b9397a424,0x72ab388e2e2f6facef59e3c3fa2c4e29011c2d38,0x72ab388e2e2f6facef59e3c3fa2c4e29011c2d38,2026-05-29T12:22:46+00:00,2026-05-30T00:33:26+00:00,12h,2026-05-30T00:22:46+00:00,True,,2026-05-29T12:23:00+00:00,732,720,12,2026-05-30T00:23:07+00:00,2026-05-30T00:23:07+00:00,21,21,True,True,False,
shadow-pos-3b1a247c6073bd4b9397a424,0x72ab388e2e2f6facef59e3c3fa2c4e29011c2d38,0x72ab388e2e2f6facef59e3c3fa2c4e29011c2d38,2026-05-29T12:22:46+00:00,2026-05-30T00:33:26+00:00,24h,2026-05-30T12:22:46+00:00,True,,2026-05-29T12:23:00+00:00,732,732,0,,2026-05-30T12:23:07+00:00,,21,False,True,True,no_future_mark
shadow-pos-d285d5b909006067a9d0a578,0xb2cc224c1c9fee385f8ad6a55b4d94e92359dc59,0xb2cc224c1c9fee385f8ad6a55b4d94e92359dc59,2026-05-29T16:00:00+00:00,2026-05-30T04:25:30+00:00,6h,2026-05-29T22:00:00+00:00,True,,2026-05-29T16:01:00+00:00,746,359,387,2026-05-29T22:00:08+00:00,2026-05-29T22:00:08+00:00,8,8,True,True,False,
shadow-pos-d285d5b909006067a9d0a578,0xb2cc224c1c9fee385f8ad6a55b4d94e92359dc59,0xb2cc224c1c9fee385f8ad6a55b4d94e92359dc59,2026-05-29T16:00:00+00:00,2026-05-30T04:25:30+00:00,12h,2026-05-30T04:00:00+00:00,True,,2026-05-29T16:01:00+00:00,746,719,27,2026-05-30T04:00:09+00:00,2026-05-30T04:00:09+00:00,9,9,True,True,False,
shadow-pos-d285d5b909006067a9d0a578,0xb2cc224c1c9fee385f8ad6a55b4d94e92359dc59,0xb2cc224c1c9fee385f8ad6a55b4d94e92359dc59,2026-05-29T16:00:00+00:00,2026-05-30T04:25:30+00:00,24h,2026-05-30T16:00:00+00:00,False,,2026-05-29T16:01:00+00:00,746,746,0,,,,,False,False,True,no_future_mark
shadow-pos-d325eddfcd4750c01b3a64a6,0xb2cc224c1c9fee385f8ad6a55b4d94e92359dc59,0xb2cc224c1c9fee385f8ad6a55b4d94e92359dc59,2026-05-30T04:26:29+00:00,1970-01-01T00:00:00+00:00,6h,2026-05-30T10:26:29+00:00,True,,2026-05-30T04:26:37+00:00,605,361,244,2026-05-30T10:27:07+00:00,2026-05-30T10:27:07+00:00,38,38,True,True,True,
shadow-pos-d325eddfcd4750c01b3a64a6,0xb2cc224c1c9fee385f8ad6a55b4d94e92359dc59,0xb2cc224c1c9fee385f8ad6a55b4d94e92359dc59,2026-05-30T04:26:29+00:00,1970-01-01T00:00:00+00:00,12h,2026-05-30T16:26:29+00:00,False,,2026-05-30T04:26:37+00:00,605,605,0,,,,,False,False,True,no_future_mark
shadow-pos-d325eddfcd4750c01b3a64a6,0xb2cc224c1c9fee385f8ad6a55b4d94e92359dc59,0xb2cc224c1c9fee385f8ad6a55b4d94e92359dc59,2026-05-30T04:26:29+00:00,1970-01-01T00:00:00+00:00,24h,2026-05-31T04:26:29+00:00,False,,2026-05-30T04:26:37+00:00,605,605,0,,,,,False,False,True,no_future_mark
