pool_address,coverage_arrays,bin_array_pubkey,neighbor_offset,getAccountInfo_success,owner,data_len,rpc_error_type,latency_ms,confidence,invalid_reason
5BKxfWMbmYBAEWvyPZS9esPducUba9GqyMjtLCfbaqyF,5,7cZeMDMH8YPF5YtgoWaCSw4eQVqjcqBcqCK9Fe2zih9n,-2,true,LBUZKhRxPF3XUpBCjp4YzTKgLccjZhTSDM9YuVaPwxo,10136,ok,548,0.9,
5BKxfWMbmYBAEWvyPZS9esPducUba9GqyMjtLCfbaqyF,5,99daE4xkHTmziJZYh6XzfQ8mRqJD6kiYbDVtf8mRhoUL,-1,true,LBUZKhRxPF3XUpBCjp4YzTKgLccjZhTSDM9YuVaPwxo,10136,ok,91,0.9,
5BKxfWMbmYBAEWvyPZS9esPducUba9GqyMjtLCfbaqyF,5,HEG2LuUaJNZNS7EYD5qXL8G3FAHEHKzWZaMPCu3osU1R,0,true,LBUZKhRxPF3XUpBCjp4YzTKgLccjZhTSDM9YuVaPwxo,10136,ok,43,0.9,
5BKxfWMbmYBAEWvyPZS9esPducUba9GqyMjtLCfbaqyF,5,7tfRkX2QnictEJEZkdw85QVs3zTm21UTqPdz4Dk5fnvP,1,true,LBUZKhRxPF3XUpBCjp4YzTKgLccjZhTSDM9YuVaPwxo,10136,ok,104,0.9,
5BKxfWMbmYBAEWvyPZS9esPducUba9GqyMjtLCfbaqyF,5,DC9tTtTmhDeewop2cfp8hSt2ytevZmgRoR97YA4vkJaT,2,true,LBUZKhRxPF3XUpBCjp4YzTKgLccjZhTSDM9YuVaPwxo,10136,ok,221,0.9,
5BKxfWMbmYBAEWvyPZS9esPducUba9GqyMjtLCfbaqyF,7,DDgNF4ptBpGPTx7ABaJeH2tRYfAqm1xeTN2DzfLccqaL,-3,false,,0,account_null,55,0,getAccountInfo returned null (account doesn't exist)
5BKxfWMbmYBAEWvyPZS9esPducUba9GqyMjtLCfbaqyF,7,7cZeMDMH8YPF5YtgoWaCSw4eQVqjcqBcqCK9Fe2zih9n,-2,true,LBUZKhRxPF3XUpBCjp4YzTKgLccjZhTSDM9YuVaPwxo,10136,ok,67,0.9,
5BKxfWMbmYBAEWvyPZS9esPducUba9GqyMjtLCfbaqyF,7,99daE4xkHTmziJZYh6XzfQ8mRqJD6kiYbDVtf8mRhoUL,-1,true,LBUZKhRxPF3XUpBCjp4YzTKgLccjZhTSDM9YuVaPwxo,10136,ok,66,0.9,
5BKxfWMbmYBAEWvyPZS9esPducUba9GqyMjtLCfbaqyF,7,HEG2LuUaJNZNS7EYD5qXL8G3FAHEHKzWZaMPCu3osU1R,0,true,LBUZKhRxPF3XUpBCjp4YzTKgLccjZhTSDM9YuVaPwxo,10136,ok,42,0.9,
5BKxfWMbmYBAEWvyPZS9esPducUba9GqyMjtLCfbaqyF,7,7tfRkX2QnictEJEZkdw85QVs3zTm21UTqPdz4Dk5fnvP,1,true,LBUZKhRxPF3XUpBCjp4YzTKgLccjZhTSDM9YuVaPwxo,10136,ok,39,0.9,
5BKxfWMbmYBAEWvyPZS9esPducUba9GqyMjtLCfbaqyF,7,DC9tTtTmhDeewop2cfp8hSt2ytevZmgRoR97YA4vkJaT,2,true,LBUZKhRxPF3XUpBCjp4YzTKgLccjZhTSDM9YuVaPwxo,10136,ok,36,0.9,
5BKxfWMbmYBAEWvyPZS9esPducUba9GqyMjtLCfbaqyF,7,6eKePPT6Z5HNifUrv1WQ9joJgV33opcpf5NC7Zx5j4f6,3,true,LBUZKhRxPF3XUpBCjp4YzTKgLccjZhTSDM9YuVaPwxo,10136,ok,74,0.9,
5BKxfWMbmYBAEWvyPZS9esPducUba9GqyMjtLCfbaqyF,9,AsGyVSb49zHcGhdcYUb8KNcPxTb93tzQ9xQVLFUtsupu,-4,false,,0,account_null,40,0,getAccountInfo returned null (account doesn't exist)
5BKxfWMbmYBAEWvyPZS9esPducUba9GqyMjtLCfbaqyF,9,DDgNF4ptBpGPTx7ABaJeH2tRYfAqm1xeTN2DzfLccqaL,-3,false,,0,account_null,21,0,getAccountInfo returned null (account doesn't exist)
5BKxfWMbmYBAEWvyPZS9esPducUba9GqyMjtLCfbaqyF,9,7cZeMDMH8YPF5YtgoWaCSw4eQVqjcqBcqCK9Fe2zih9n,-2,true,LBUZKhRxPF3XUpBCjp4YzTKgLccjZhTSDM9YuVaPwxo,10136,ok,40,0.9,
5BKxfWMbmYBAEWvyPZS9esPducUba9GqyMjtLCfbaqyF,9,99daE4xkHTmziJZYh6XzfQ8mRqJD6kiYbDVtf8mRhoUL,-1,true,LBUZKhRxPF3XUpBCjp4YzTKgLccjZhTSDM9YuVaPwxo,10136,ok,35,0.9,
5BKxfWMbmYBAEWvyPZS9esPducUba9GqyMjtLCfbaqyF,9,HEG2LuUaJNZNS7EYD5qXL8G3FAHEHKzWZaMPCu3osU1R,0,true,LBUZKhRxPF3XUpBCjp4YzTKgLccjZhTSDM9YuVaPwxo,10136,ok,26,0.9,
5BKxfWMbmYBAEWvyPZS9esPducUba9GqyMjtLCfbaqyF,9,7tfRkX2QnictEJEZkdw85QVs3zTm21UTqPdz4Dk5fnvP,1,true,LBUZKhRxPF3XUpBCjp4YzTKgLccjZhTSDM9YuVaPwxo,10136,ok,47,0.9,
5BKxfWMbmYBAEWvyPZS9esPducUba9GqyMjtLCfbaqyF,9,DC9tTtTmhDeewop2cfp8hSt2ytevZmgRoR97YA4vkJaT,2,true,LBUZKhRxPF3XUpBCjp4YzTKgLccjZhTSDM9YuVaPwxo,10136,ok,46,0.9,
5BKxfWMbmYBAEWvyPZS9esPducUba9GqyMjtLCfbaqyF,9,6eKePPT6Z5HNifUrv1WQ9joJgV33opcpf5NC7Zx5j4f6,3,true,LBUZKhRxPF3XUpBCjp4YzTKgLccjZhTSDM9YuVaPwxo,10136,ok,46,0.9,
5BKxfWMbmYBAEWvyPZS9esPducUba9GqyMjtLCfbaqyF,9,6YBVoTvd9AM6PWbqT4EZXcDcDEkDTvHiDMzy44HAnZvc,4,true,LBUZKhRxPF3XUpBCjp4YzTKgLccjZhTSDM9YuVaPwxo,10136,ok,32,0.9,
9DiruRpjnAnzhn6ts5HGLouHtJrT1JGsPbXNYCrFz2ad,5,Cw8jbQM1Z6cJ7FdFfciXqXoCj7MCJEo8jXdr7phEUdmi,-2,false,,0,account_null,24,0,getAccountInfo returned null (account doesn't exist)
9DiruRpjnAnzhn6ts5HGLouHtJrT1JGsPbXNYCrFz2ad,5,yhkw7F4xFVLWmF775cfj56gMQhNZchrmdpSBALC6Z5j,-1,true,LBUZKhRxPF3XUpBCjp4YzTKgLccjZhTSDM9YuVaPwxo,10136,ok,38,0.9,
9DiruRpjnAnzhn6ts5HGLouHtJrT1JGsPbXNYCrFz2ad,5,29JynFXae8M6FLSmNPpDbTsEfXhxhxmSCQFGnBnFsU2N,0,true,LBUZKhRxPF3XUpBCjp4YzTKgLccjZhTSDM9YuVaPwxo,10136,ok,81,0.9,
9DiruRpjnAnzhn6ts5HGLouHtJrT1JGsPbXNYCrFz2ad,5,G1BHyB19ozazdUtAdHJbHW8KXoJqsWq4XMiH64WNRHFz,1,true,LBUZKhRxPF3XUpBCjp4YzTKgLccjZhTSDM9YuVaPwxo,10136,ok,233,0.9,
9DiruRpjnAnzhn6ts5HGLouHtJrT1JGsPbXNYCrFz2ad,5,3vRwQLkGVtwEApqwnnAFkZCCefS29tKdcwe53eJG1XQX,2,true,LBUZKhRxPF3XUpBCjp4YzTKgLccjZhTSDM9YuVaPwxo,10136,ok,88,0.9,
9DiruRpjnAnzhn6ts5HGLouHtJrT1JGsPbXNYCrFz2ad,7,D1mEgWupqiEUaM7V3ds4KjNbVRBxsNYoW4kfXfTSCq8q,-3,false,,0,account_null,215,0,getAccountInfo returned null (account doesn't exist)
9DiruRpjnAnzhn6ts5HGLouHtJrT1JGsPbXNYCrFz2ad,7,Cw8jbQM1Z6cJ7FdFfciXqXoCj7MCJEo8jXdr7phEUdmi,-2,false,,0,account_null,69,0,getAccountInfo returned null (account doesn't exist)
9DiruRpjnAnzhn6ts5HGLouHtJrT1JGsPbXNYCrFz2ad,7,yhkw7F4xFVLWmF775cfj56gMQhNZchrmdpSBALC6Z5j,-1,true,LBUZKhRxPF3XUpBCjp4YzTKgLccjZhTSDM9YuVaPwxo,10136,ok,211,0.9,
9DiruRpjnAnzhn6ts5HGLouHtJrT1JGsPbXNYCrFz2ad,7,29JynFXae8M6FLSmNPpDbTsEfXhxhxmSCQFGnBnFsU2N,0,true,LBUZKhRxPF3XUpBCjp4YzTKgLccjZhTSDM9YuVaPwxo,10136,ok,63,0.9,
9DiruRpjnAnzhn6ts5HGLouHtJrT1JGsPbXNYCrFz2ad,7,G1BHyB19ozazdUtAdHJbHW8KXoJqsWq4XMiH64WNRHFz,1,true,LBUZKhRxPF3XUpBCjp4YzTKgLccjZhTSDM9YuVaPwxo,10136,ok,232,0.9,
9DiruRpjnAnzhn6ts5HGLouHtJrT1JGsPbXNYCrFz2ad,7,3vRwQLkGVtwEApqwnnAFkZCCefS29tKdcwe53eJG1XQX,2,true,LBUZKhRxPF3XUpBCjp4YzTKgLccjZhTSDM9YuVaPwxo,10136,ok,88,0.9,
9DiruRpjnAnzhn6ts5HGLouHtJrT1JGsPbXNYCrFz2ad,7,HBGLbQqPEjAwf1nR7CPdLDN65NLkprC4gd6vL8pUvNnA,3,true,LBUZKhRxPF3XUpBCjp4YzTKgLccjZhTSDM9YuVaPwxo,10136,ok,191,0.9,
9DiruRpjnAnzhn6ts5HGLouHtJrT1JGsPbXNYCrFz2ad,9,CrMVgShyF7c4YbFxcx2dQNQ7psR5eKofLtVaUar3XewB,-4,false,,0,account_null,28,0,getAccountInfo returned null (account doesn't exist)
9DiruRpjnAnzhn6ts5HGLouHtJrT1JGsPbXNYCrFz2ad,9,D1mEgWupqiEUaM7V3ds4KjNbVRBxsNYoW4kfXfTSCq8q,-3,false,,0,account_null,34,0,getAccountInfo returned null (account doesn't exist)
9DiruRpjnAnzhn6ts5HGLouHtJrT1JGsPbXNYCrFz2ad,9,Cw8jbQM1Z6cJ7FdFfciXqXoCj7MCJEo8jXdr7phEUdmi,-2,false,,0,account_null,53,0,getAccountInfo returned null (account doesn't exist)
9DiruRpjnAnzhn6ts5HGLouHtJrT1JGsPbXNYCrFz2ad,9,yhkw7F4xFVLWmF775cfj56gMQhNZchrmdpSBALC6Z5j,-1,true,LBUZKhRxPF3XUpBCjp4YzTKgLccjZhTSDM9YuVaPwxo,10136,ok,469,0.9,
9DiruRpjnAnzhn6ts5HGLouHtJrT1JGsPbXNYCrFz2ad,9,29JynFXae8M6FLSmNPpDbTsEfXhxhxmSCQFGnBnFsU2N,0,true,LBUZKhRxPF3XUpBCjp4YzTKgLccjZhTSDM9YuVaPwxo,10136,ok,118,0.9,
9DiruRpjnAnzhn6ts5HGLouHtJrT1JGsPbXNYCrFz2ad,9,G1BHyB19ozazdUtAdHJbHW8KXoJqsWq4XMiH64WNRHFz,1,true,LBUZKhRxPF3XUpBCjp4YzTKgLccjZhTSDM9YuVaPwxo,10136,ok,84,0.9,
9DiruRpjnAnzhn6ts5HGLouHtJrT1JGsPbXNYCrFz2ad,9,3vRwQLkGVtwEApqwnnAFkZCCefS29tKdcwe53eJG1XQX,2,true,LBUZKhRxPF3XUpBCjp4YzTKgLccjZhTSDM9YuVaPwxo,10136,ok,65,0.9,
9DiruRpjnAnzhn6ts5HGLouHtJrT1JGsPbXNYCrFz2ad,9,HBGLbQqPEjAwf1nR7CPdLDN65NLkprC4gd6vL8pUvNnA,3,true,LBUZKhRxPF3XUpBCjp4YzTKgLccjZhTSDM9YuVaPwxo,10136,ok,92,0.9,
9DiruRpjnAnzhn6ts5HGLouHtJrT1JGsPbXNYCrFz2ad,9,63o1oSo3YsznWHKENGyKH9wzc9JS4Q3EDqNrwAi5Qutx,4,true,LBUZKhRxPF3XUpBCjp4YzTKgLccjZhTSDM9YuVaPwxo,10136,ok,232,0.9,
