pool_address,bin_array_pubkey,bin_id,x_amount,y_amount,price,liquidity_available,decode_success,confidence,invalid_reason
5BKxfWMbmYBAEWvyPZS9esPducUba9GqyMjtLCfbaqyF,99daE4xkHTmziJZYh6XzfQ8mRqJD6kiYbDVtf8mRhoUL,-12320,0,0,,true,true,0.85,
5BKxfWMbmYBAEWvyPZS9esPducUba9GqyMjtLCfbaqyF,99daE4xkHTmziJZYh6XzfQ8mRqJD6kiYbDVtf8mRhoUL,-12319,0,0,,true,true,0.85,
5BKxfWMbmYBAEWvyPZS9esPducUba9GqyMjtLCfbaqyF,99daE4xkHTmziJZYh6XzfQ8mRqJD6kiYbDVtf8mRhoUL,-12318,0,0,,true,true,0.85,
5BKxfWMbmYBAEWvyPZS9esPducUba9GqyMjtLCfbaqyF,99daE4xkHTmziJZYh6XzfQ8mRqJD6kiYbDVtf8mRhoUL,-12317,0,0,,true,true,0.85,
5BKxfWMbmYBAEWvyPZS9esPducUba9GqyMjtLCfbaqyF,99daE4xkHTmziJZYh6XzfQ8mRqJD6kiYbDVtf8mRhoUL,-12316,0,0,,true,true,0.85,
5BKxfWMbmYBAEWvyPZS9esPducUba9GqyMjtLCfbaqyF,99daE4xkHTmziJZYh6XzfQ8mRqJD6kiYbDVtf8mRhoUL,-12315,0,0,,true,true,0.85,
5BKxfWMbmYBAEWvyPZS9esPducUba9GqyMjtLCfbaqyF,99daE4xkHTmziJZYh6XzfQ8mRqJD6kiYbDVtf8mRhoUL,-12314,0,0,,true,true,0.85,
5BKxfWMbmYBAEWvyPZS9esPducUba9GqyMjtLCfbaqyF,99daE4xkHTmziJZYh6XzfQ8mRqJD6kiYbDVtf8mRhoUL,-12313,0,0,,true,true,0.85,
5BKxfWMbmYBAEWvyPZS9esPducUba9GqyMjtLCfbaqyF,99daE4xkHTmziJZYh6XzfQ8mRqJD6kiYbDVtf8mRhoUL,-12312,0,0,,true,true,0.85,
5BKxfWMbmYBAEWvyPZS9esPducUba9GqyMjtLCfbaqyF,99daE4xkHTmziJZYh6XzfQ8mRqJD6kiYbDVtf8mRhoUL,-12311,0,0,,true,true,0.85,
5BKxfWMbmYBAEWvyPZS9esPducUba9GqyMjtLCfbaqyF,99daE4xkHTmziJZYh6XzfQ8mRqJD6kiYbDVtf8mRhoUL,-12310,0,0,,true,true,0.85,
5BKxfWMbmYBAEWvyPZS9esPducUba9GqyMjtLCfbaqyF,99daE4xkHTmziJZYh6XzfQ8mRqJD6kiYbDVtf8mRhoUL,-12309,0,0,,true,true,0.85,
5BKxfWMbmYBAEWvyPZS9esPducUba9GqyMjtLCfbaqyF,99daE4xkHTmziJZYh6XzfQ8mRqJD6kiYbDVtf8mRhoUL,-12308,0,0,,true,true,0.85,
5BKxfWMbmYBAEWvyPZS9esPducUba9GqyMjtLCfbaqyF,99daE4xkHTmziJZYh6XzfQ8mRqJD6kiYbDVtf8mRhoUL,-12307,0,0,,true,true,0.85,
5BKxfWMbmYBAEWvyPZS9esPducUba9GqyMjtLCfbaqyF,99daE4xkHTmziJZYh6XzfQ8mRqJD6kiYbDVtf8mRhoUL,-12306,0,0,,true,true,0.85,
5BKxfWMbmYBAEWvyPZS9esPducUba9GqyMjtLCfbaqyF,99daE4xkHTmziJZYh6XzfQ8mRqJD6kiYbDVtf8mRhoUL,-12305,0,0,,true,true,0.85,
5BKxfWMbmYBAEWvyPZS9esPducUba9GqyMjtLCfbaqyF,99daE4xkHTmziJZYh6XzfQ8mRqJD6kiYbDVtf8mRhoUL,-12304,0,0,,true,true,0.85,
5BKxfWMbmYBAEWvyPZS9esPducUba9GqyMjtLCfbaqyF,99daE4xkHTmziJZYh6XzfQ8mRqJD6kiYbDVtf8mRhoUL,-12303,0,0,,true,true,0.85,
5BKxfWMbmYBAEWvyPZS9esPducUba9GqyMjtLCfbaqyF,99daE4xkHTmziJZYh6XzfQ8mRqJD6kiYbDVtf8mRhoUL,-12302,0,0,,true,true,0.85,
5BKxfWMbmYBAEWvyPZS9esPducUba9GqyMjtLCfbaqyF,99daE4xkHTmziJZYh6XzfQ8mRqJD6kiYbDVtf8mRhoUL,-12301,0,0,,true,true,0.85,
5BKxfWMbmYBAEWvyPZS9esPducUba9GqyMjtLCfbaqyF,99daE4xkHTmziJZYh6XzfQ8mRqJD6kiYbDVtf8mRhoUL,-12300,0,0,,true,true,0.85,
5BKxfWMbmYBAEWvyPZS9esPducUba9GqyMjtLCfbaqyF,99daE4xkHTmziJZYh6XzfQ8mRqJD6kiYbDVtf8mRhoUL,-12299,0,0,,true,true,0.85,
5BKxfWMbmYBAEWvyPZS9esPducUba9GqyMjtLCfbaqyF,99daE4xkHTmziJZYh6XzfQ8mRqJD6kiYbDVtf8mRhoUL,-12298,0,0,,true,true,0.85,
5BKxfWMbmYBAEWvyPZS9esPducUba9GqyMjtLCfbaqyF,99daE4xkHTmziJZYh6XzfQ8mRqJD6kiYbDVtf8mRhoUL,-12297,0,0,,true,true,0.85,
5BKxfWMbmYBAEWvyPZS9esPducUba9GqyMjtLCfbaqyF,99daE4xkHTmziJZYh6XzfQ8mRqJD6kiYbDVtf8mRhoUL,-12296,0,0,,true,true,0.85,
5BKxfWMbmYBAEWvyPZS9esPducUba9GqyMjtLCfbaqyF,99daE4xkHTmziJZYh6XzfQ8mRqJD6kiYbDVtf8mRhoUL,-12295,0,0,,true,true,0.85,
5BKxfWMbmYBAEWvyPZS9esPducUba9GqyMjtLCfbaqyF,99daE4xkHTmziJZYh6XzfQ8mRqJD6kiYbDVtf8mRhoUL,-12294,0,0,,true,true,0.85,
5BKxfWMbmYBAEWvyPZS9esPducUba9GqyMjtLCfbaqyF,99daE4xkHTmziJZYh6XzfQ8mRqJD6kiYbDVtf8mRhoUL,-12293,0,0,,true,true,0.85,
5BKxfWMbmYBAEWvyPZS9esPducUba9GqyMjtLCfbaqyF,99daE4xkHTmziJZYh6XzfQ8mRqJD6kiYbDVtf8mRhoUL,-12292,0,0,,true,true,0.85,
5BKxfWMbmYBAEWvyPZS9esPducUba9GqyMjtLCfbaqyF,99daE4xkHTmziJZYh6XzfQ8mRqJD6kiYbDVtf8mRhoUL,-12291,0,0,,true,true,0.85,
5BKxfWMbmYBAEWvyPZS9esPducUba9GqyMjtLCfbaqyF,99daE4xkHTmziJZYh6XzfQ8mRqJD6kiYbDVtf8mRhoUL,-12290,0,0,,true,true,0.85,
5BKxfWMbmYBAEWvyPZS9esPducUba9GqyMjtLCfbaqyF,99daE4xkHTmziJZYh6XzfQ8mRqJD6kiYbDVtf8mRhoUL,-12289,0,0,,true,true,0.85,
5BKxfWMbmYBAEWvyPZS9esPducUba9GqyMjtLCfbaqyF,99daE4xkHTmziJZYh6XzfQ8mRqJD6kiYbDVtf8mRhoUL,-12288,0,0,,true,true,0.85,
5BKxfWMbmYBAEWvyPZS9esPducUba9GqyMjtLCfbaqyF,99daE4xkHTmziJZYh6XzfQ8mRqJD6kiYbDVtf8mRhoUL,-12287,0,0,,true,true,0.85,
5BKxfWMbmYBAEWvyPZS9esPducUba9GqyMjtLCfbaqyF,99daE4xkHTmziJZYh6XzfQ8mRqJD6kiYbDVtf8mRhoUL,-12286,0,0,,true,true,0.85,
5BKxfWMbmYBAEWvyPZS9esPducUba9GqyMjtLCfbaqyF,99daE4xkHTmziJZYh6XzfQ8mRqJD6kiYbDVtf8mRhoUL,-12285,0,0,,true,true,0.85,
5BKxfWMbmYBAEWvyPZS9esPducUba9GqyMjtLCfbaqyF,99daE4xkHTmziJZYh6XzfQ8mRqJD6kiYbDVtf8mRhoUL,-12284,0,0,,true,true,0.85,
5BKxfWMbmYBAEWvyPZS9esPducUba9GqyMjtLCfbaqyF,99daE4xkHTmziJZYh6XzfQ8mRqJD6kiYbDVtf8mRhoUL,-12283,0,0,,true,true,0.85,
5BKxfWMbmYBAEWvyPZS9esPducUba9GqyMjtLCfbaqyF,99daE4xkHTmziJZYh6XzfQ8mRqJD6kiYbDVtf8mRhoUL,-12282,0,0,,true,true,0.85,
5BKxfWMbmYBAEWvyPZS9esPducUba9GqyMjtLCfbaqyF,99daE4xkHTmziJZYh6XzfQ8mRqJD6kiYbDVtf8mRhoUL,-12281,0,0,,true,true,0.85,
5BKxfWMbmYBAEWvyPZS9esPducUba9GqyMjtLCfbaqyF,99daE4xkHTmziJZYh6XzfQ8mRqJD6kiYbDVtf8mRhoUL,-12280,0,0,,true,true,0.85,
5BKxfWMbmYBAEWvyPZS9esPducUba9GqyMjtLCfbaqyF,99daE4xkHTmziJZYh6XzfQ8mRqJD6kiYbDVtf8mRhoUL,-12279,0,0,,true,true,0.85,
5BKxfWMbmYBAEWvyPZS9esPducUba9GqyMjtLCfbaqyF,99daE4xkHTmziJZYh6XzfQ8mRqJD6kiYbDVtf8mRhoUL,-12278,0,0,,true,true,0.85,
5BKxfWMbmYBAEWvyPZS9esPducUba9GqyMjtLCfbaqyF,99daE4xkHTmziJZYh6XzfQ8mRqJD6kiYbDVtf8mRhoUL,-12277,0,0,,true,true,0.85,
5BKxfWMbmYBAEWvyPZS9esPducUba9GqyMjtLCfbaqyF,99daE4xkHTmziJZYh6XzfQ8mRqJD6kiYbDVtf8mRhoUL,-12276,0,0,,true,true,0.85,
5BKxfWMbmYBAEWvyPZS9esPducUba9GqyMjtLCfbaqyF,99daE4xkHTmziJZYh6XzfQ8mRqJD6kiYbDVtf8mRhoUL,-12275,0,0,,true,true,0.85,
5BKxfWMbmYBAEWvyPZS9esPducUba9GqyMjtLCfbaqyF,99daE4xkHTmziJZYh6XzfQ8mRqJD6kiYbDVtf8mRhoUL,-12274,0,0,,true,true,0.85,
5BKxfWMbmYBAEWvyPZS9esPducUba9GqyMjtLCfbaqyF,99daE4xkHTmziJZYh6XzfQ8mRqJD6kiYbDVtf8mRhoUL,-12273,0,0,,true,true,0.85,
5BKxfWMbmYBAEWvyPZS9esPducUba9GqyMjtLCfbaqyF,99daE4xkHTmziJZYh6XzfQ8mRqJD6kiYbDVtf8mRhoUL,-12272,0,0,,true,true,0.85,
5BKxfWMbmYBAEWvyPZS9esPducUba9GqyMjtLCfbaqyF,99daE4xkHTmziJZYh6XzfQ8mRqJD6kiYbDVtf8mRhoUL,-12271,0,0,,true,true,0.85,
5BKxfWMbmYBAEWvyPZS9esPducUba9GqyMjtLCfbaqyF,99daE4xkHTmziJZYh6XzfQ8mRqJD6kiYbDVtf8mRhoUL,-12270,0,0,,true,true,0.85,
5BKxfWMbmYBAEWvyPZS9esPducUba9GqyMjtLCfbaqyF,99daE4xkHTmziJZYh6XzfQ8mRqJD6kiYbDVtf8mRhoUL,-12269,0,0,,true,true,0.85,
5BKxfWMbmYBAEWvyPZS9esPducUba9GqyMjtLCfbaqyF,99daE4xkHTmziJZYh6XzfQ8mRqJD6kiYbDVtf8mRhoUL,-12268,0,0,,true,true,0.85,
5BKxfWMbmYBAEWvyPZS9esPducUba9GqyMjtLCfbaqyF,99daE4xkHTmziJZYh6XzfQ8mRqJD6kiYbDVtf8mRhoUL,-12267,0,0,,true,true,0.85,
5BKxfWMbmYBAEWvyPZS9esPducUba9GqyMjtLCfbaqyF,99daE4xkHTmziJZYh6XzfQ8mRqJD6kiYbDVtf8mRhoUL,-12266,0,0,,true,true,0.85,
5BKxfWMbmYBAEWvyPZS9esPducUba9GqyMjtLCfbaqyF,99daE4xkHTmziJZYh6XzfQ8mRqJD6kiYbDVtf8mRhoUL,-12265,0,0,,true,true,0.85,
5BKxfWMbmYBAEWvyPZS9esPducUba9GqyMjtLCfbaqyF,99daE4xkHTmziJZYh6XzfQ8mRqJD6kiYbDVtf8mRhoUL,-12264,0,0,,true,true,0.85,
5BKxfWMbmYBAEWvyPZS9esPducUba9GqyMjtLCfbaqyF,99daE4xkHTmziJZYh6XzfQ8mRqJD6kiYbDVtf8mRhoUL,-12263,0,0,,true,true,0.85,
5BKxfWMbmYBAEWvyPZS9esPducUba9GqyMjtLCfbaqyF,99daE4xkHTmziJZYh6XzfQ8mRqJD6kiYbDVtf8mRhoUL,-12262,0,0,,true,true,0.85,
5BKxfWMbmYBAEWvyPZS9esPducUba9GqyMjtLCfbaqyF,99daE4xkHTmziJZYh6XzfQ8mRqJD6kiYbDVtf8mRhoUL,-12261,0,0,,true,true,0.85,
5BKxfWMbmYBAEWvyPZS9esPducUba9GqyMjtLCfbaqyF,99daE4xkHTmziJZYh6XzfQ8mRqJD6kiYbDVtf8mRhoUL,-12260,0,0,,true,true,0.85,
5BKxfWMbmYBAEWvyPZS9esPducUba9GqyMjtLCfbaqyF,99daE4xkHTmziJZYh6XzfQ8mRqJD6kiYbDVtf8mRhoUL,-12259,0,0,,true,true,0.85,
5BKxfWMbmYBAEWvyPZS9esPducUba9GqyMjtLCfbaqyF,99daE4xkHTmziJZYh6XzfQ8mRqJD6kiYbDVtf8mRhoUL,-12258,0,0,,true,true,0.85,
5BKxfWMbmYBAEWvyPZS9esPducUba9GqyMjtLCfbaqyF,99daE4xkHTmziJZYh6XzfQ8mRqJD6kiYbDVtf8mRhoUL,-12257,0,0,,true,true,0.85,
5BKxfWMbmYBAEWvyPZS9esPducUba9GqyMjtLCfbaqyF,99daE4xkHTmziJZYh6XzfQ8mRqJD6kiYbDVtf8mRhoUL,-12256,0,0,,true,true,0.85,
5BKxfWMbmYBAEWvyPZS9esPducUba9GqyMjtLCfbaqyF,99daE4xkHTmziJZYh6XzfQ8mRqJD6kiYbDVtf8mRhoUL,-12255,0,0,,true,true,0.85,
5BKxfWMbmYBAEWvyPZS9esPducUba9GqyMjtLCfbaqyF,99daE4xkHTmziJZYh6XzfQ8mRqJD6kiYbDVtf8mRhoUL,-12254,0,0,,true,true,0.85,
5BKxfWMbmYBAEWvyPZS9esPducUba9GqyMjtLCfbaqyF,99daE4xkHTmziJZYh6XzfQ8mRqJD6kiYbDVtf8mRhoUL,-12253,0,0,,true,true,0.85,
5BKxfWMbmYBAEWvyPZS9esPducUba9GqyMjtLCfbaqyF,99daE4xkHTmziJZYh6XzfQ8mRqJD6kiYbDVtf8mRhoUL,-12252,0,0,,true,true,0.85,
5BKxfWMbmYBAEWvyPZS9esPducUba9GqyMjtLCfbaqyF,99daE4xkHTmziJZYh6XzfQ8mRqJD6kiYbDVtf8mRhoUL,-12251,0,0,,true,true,0.85,
5BKxfWMbmYBAEWvyPZS9esPducUba9GqyMjtLCfbaqyF,HEG2LuUaJNZNS7EYD5qXL8G3FAHEHKzWZaMPCu3osU1R,-12250,0,0,,true,true,0.85,
5BKxfWMbmYBAEWvyPZS9esPducUba9GqyMjtLCfbaqyF,HEG2LuUaJNZNS7EYD5qXL8G3FAHEHKzWZaMPCu3osU1R,-12249,0,0,,true,true,0.85,
5BKxfWMbmYBAEWvyPZS9esPducUba9GqyMjtLCfbaqyF,HEG2LuUaJNZNS7EYD5qXL8G3FAHEHKzWZaMPCu3osU1R,-12248,0,0,,true,true,0.85,
5BKxfWMbmYBAEWvyPZS9esPducUba9GqyMjtLCfbaqyF,HEG2LuUaJNZNS7EYD5qXL8G3FAHEHKzWZaMPCu3osU1R,-12247,0,0,,true,true,0.85,
5BKxfWMbmYBAEWvyPZS9esPducUba9GqyMjtLCfbaqyF,HEG2LuUaJNZNS7EYD5qXL8G3FAHEHKzWZaMPCu3osU1R,-12246,0,0,,true,true,0.85,
5BKxfWMbmYBAEWvyPZS9esPducUba9GqyMjtLCfbaqyF,HEG2LuUaJNZNS7EYD5qXL8G3FAHEHKzWZaMPCu3osU1R,-12245,0,0,,true,true,0.85,
5BKxfWMbmYBAEWvyPZS9esPducUba9GqyMjtLCfbaqyF,HEG2LuUaJNZNS7EYD5qXL8G3FAHEHKzWZaMPCu3osU1R,-12244,0,0,,true,true,0.85,
5BKxfWMbmYBAEWvyPZS9esPducUba9GqyMjtLCfbaqyF,HEG2LuUaJNZNS7EYD5qXL8G3FAHEHKzWZaMPCu3osU1R,-12243,0,0,,true,true,0.85,
5BKxfWMbmYBAEWvyPZS9esPducUba9GqyMjtLCfbaqyF,HEG2LuUaJNZNS7EYD5qXL8G3FAHEHKzWZaMPCu3osU1R,-12242,0,0,,true,true,0.85,
5BKxfWMbmYBAEWvyPZS9esPducUba9GqyMjtLCfbaqyF,HEG2LuUaJNZNS7EYD5qXL8G3FAHEHKzWZaMPCu3osU1R,-12241,0,0,,true,true,0.85,
5BKxfWMbmYBAEWvyPZS9esPducUba9GqyMjtLCfbaqyF,HEG2LuUaJNZNS7EYD5qXL8G3FAHEHKzWZaMPCu3osU1R,-12240,0,0,,true,true,0.85,
5BKxfWMbmYBAEWvyPZS9esPducUba9GqyMjtLCfbaqyF,HEG2LuUaJNZNS7EYD5qXL8G3FAHEHKzWZaMPCu3osU1R,-12239,0,0,,true,true,0.85,
5BKxfWMbmYBAEWvyPZS9esPducUba9GqyMjtLCfbaqyF,HEG2LuUaJNZNS7EYD5qXL8G3FAHEHKzWZaMPCu3osU1R,-12238,0,0,,true,true,0.85,
5BKxfWMbmYBAEWvyPZS9esPducUba9GqyMjtLCfbaqyF,HEG2LuUaJNZNS7EYD5qXL8G3FAHEHKzWZaMPCu3osU1R,-12237,0,0,,true,true,0.85,
5BKxfWMbmYBAEWvyPZS9esPducUba9GqyMjtLCfbaqyF,HEG2LuUaJNZNS7EYD5qXL8G3FAHEHKzWZaMPCu3osU1R,-12236,0,0,,true,true,0.85,
5BKxfWMbmYBAEWvyPZS9esPducUba9GqyMjtLCfbaqyF,HEG2LuUaJNZNS7EYD5qXL8G3FAHEHKzWZaMPCu3osU1R,-12235,0,0,,true,true,0.85,
5BKxfWMbmYBAEWvyPZS9esPducUba9GqyMjtLCfbaqyF,HEG2LuUaJNZNS7EYD5qXL8G3FAHEHKzWZaMPCu3osU1R,-12234,0,0,,true,true,0.85,
5BKxfWMbmYBAEWvyPZS9esPducUba9GqyMjtLCfbaqyF,HEG2LuUaJNZNS7EYD5qXL8G3FAHEHKzWZaMPCu3osU1R,-12233,0,0,,true,true,0.85,
5BKxfWMbmYBAEWvyPZS9esPducUba9GqyMjtLCfbaqyF,HEG2LuUaJNZNS7EYD5qXL8G3FAHEHKzWZaMPCu3osU1R,-12232,0,0,,true,true,0.85,
5BKxfWMbmYBAEWvyPZS9esPducUba9GqyMjtLCfbaqyF,HEG2LuUaJNZNS7EYD5qXL8G3FAHEHKzWZaMPCu3osU1R,-12231,0,0,,true,true,0.85,
5BKxfWMbmYBAEWvyPZS9esPducUba9GqyMjtLCfbaqyF,HEG2LuUaJNZNS7EYD5qXL8G3FAHEHKzWZaMPCu3osU1R,-12230,0,0,,true,true,0.85,
5BKxfWMbmYBAEWvyPZS9esPducUba9GqyMjtLCfbaqyF,HEG2LuUaJNZNS7EYD5qXL8G3FAHEHKzWZaMPCu3osU1R,-12229,0,0,,true,true,0.85,
5BKxfWMbmYBAEWvyPZS9esPducUba9GqyMjtLCfbaqyF,HEG2LuUaJNZNS7EYD5qXL8G3FAHEHKzWZaMPCu3osU1R,-12228,0,0,,true,true,0.85,
5BKxfWMbmYBAEWvyPZS9esPducUba9GqyMjtLCfbaqyF,HEG2LuUaJNZNS7EYD5qXL8G3FAHEHKzWZaMPCu3osU1R,-12227,0,0,,true,true,0.85,
5BKxfWMbmYBAEWvyPZS9esPducUba9GqyMjtLCfbaqyF,HEG2LuUaJNZNS7EYD5qXL8G3FAHEHKzWZaMPCu3osU1R,-12226,0,0,,true,true,0.85,
5BKxfWMbmYBAEWvyPZS9esPducUba9GqyMjtLCfbaqyF,HEG2LuUaJNZNS7EYD5qXL8G3FAHEHKzWZaMPCu3osU1R,-12225,0,0,,true,true,0.85,
5BKxfWMbmYBAEWvyPZS9esPducUba9GqyMjtLCfbaqyF,HEG2LuUaJNZNS7EYD5qXL8G3FAHEHKzWZaMPCu3osU1R,-12224,0,0,,true,true,0.85,
5BKxfWMbmYBAEWvyPZS9esPducUba9GqyMjtLCfbaqyF,HEG2LuUaJNZNS7EYD5qXL8G3FAHEHKzWZaMPCu3osU1R,-12223,0,0,,true,true,0.85,
5BKxfWMbmYBAEWvyPZS9esPducUba9GqyMjtLCfbaqyF,HEG2LuUaJNZNS7EYD5qXL8G3FAHEHKzWZaMPCu3osU1R,-12222,0,0,,true,true,0.85,
5BKxfWMbmYBAEWvyPZS9esPducUba9GqyMjtLCfbaqyF,HEG2LuUaJNZNS7EYD5qXL8G3FAHEHKzWZaMPCu3osU1R,-12221,0,0,,true,true,0.85,
5BKxfWMbmYBAEWvyPZS9esPducUba9GqyMjtLCfbaqyF,HEG2LuUaJNZNS7EYD5qXL8G3FAHEHKzWZaMPCu3osU1R,-12220,0,0,,true,true,0.85,
5BKxfWMbmYBAEWvyPZS9esPducUba9GqyMjtLCfbaqyF,HEG2LuUaJNZNS7EYD5qXL8G3FAHEHKzWZaMPCu3osU1R,-12219,0,0,,true,true,0.85,
5BKxfWMbmYBAEWvyPZS9esPducUba9GqyMjtLCfbaqyF,HEG2LuUaJNZNS7EYD5qXL8G3FAHEHKzWZaMPCu3osU1R,-12218,0,0,,true,true,0.85,
5BKxfWMbmYBAEWvyPZS9esPducUba9GqyMjtLCfbaqyF,HEG2LuUaJNZNS7EYD5qXL8G3FAHEHKzWZaMPCu3osU1R,-12217,0,0,,true,true,0.85,
5BKxfWMbmYBAEWvyPZS9esPducUba9GqyMjtLCfbaqyF,HEG2LuUaJNZNS7EYD5qXL8G3FAHEHKzWZaMPCu3osU1R,-12216,0,0,,true,true,0.85,
5BKxfWMbmYBAEWvyPZS9esPducUba9GqyMjtLCfbaqyF,HEG2LuUaJNZNS7EYD5qXL8G3FAHEHKzWZaMPCu3osU1R,-12215,0,0,,true,true,0.85,
5BKxfWMbmYBAEWvyPZS9esPducUba9GqyMjtLCfbaqyF,HEG2LuUaJNZNS7EYD5qXL8G3FAHEHKzWZaMPCu3osU1R,-12214,0,0,,true,true,0.85,
5BKxfWMbmYBAEWvyPZS9esPducUba9GqyMjtLCfbaqyF,HEG2LuUaJNZNS7EYD5qXL8G3FAHEHKzWZaMPCu3osU1R,-12213,0,0,,true,true,0.85,
5BKxfWMbmYBAEWvyPZS9esPducUba9GqyMjtLCfbaqyF,HEG2LuUaJNZNS7EYD5qXL8G3FAHEHKzWZaMPCu3osU1R,-12212,0,0,,true,true,0.85,
5BKxfWMbmYBAEWvyPZS9esPducUba9GqyMjtLCfbaqyF,HEG2LuUaJNZNS7EYD5qXL8G3FAHEHKzWZaMPCu3osU1R,-12211,0,0,,true,true,0.85,
5BKxfWMbmYBAEWvyPZS9esPducUba9GqyMjtLCfbaqyF,HEG2LuUaJNZNS7EYD5qXL8G3FAHEHKzWZaMPCu3osU1R,-12210,0,0,,true,true,0.85,
5BKxfWMbmYBAEWvyPZS9esPducUba9GqyMjtLCfbaqyF,HEG2LuUaJNZNS7EYD5qXL8G3FAHEHKzWZaMPCu3osU1R,-12209,0,0,,true,true,0.85,
5BKxfWMbmYBAEWvyPZS9esPducUba9GqyMjtLCfbaqyF,HEG2LuUaJNZNS7EYD5qXL8G3FAHEHKzWZaMPCu3osU1R,-12208,0,0,,true,true,0.85,
5BKxfWMbmYBAEWvyPZS9esPducUba9GqyMjtLCfbaqyF,HEG2LuUaJNZNS7EYD5qXL8G3FAHEHKzWZaMPCu3osU1R,-12207,0,0,,true,true,0.85,
5BKxfWMbmYBAEWvyPZS9esPducUba9GqyMjtLCfbaqyF,HEG2LuUaJNZNS7EYD5qXL8G3FAHEHKzWZaMPCu3osU1R,-12206,0,0,,true,true,0.85,
5BKxfWMbmYBAEWvyPZS9esPducUba9GqyMjtLCfbaqyF,HEG2LuUaJNZNS7EYD5qXL8G3FAHEHKzWZaMPCu3osU1R,-12205,0,0,,true,true,0.85,
5BKxfWMbmYBAEWvyPZS9esPducUba9GqyMjtLCfbaqyF,HEG2LuUaJNZNS7EYD5qXL8G3FAHEHKzWZaMPCu3osU1R,-12204,0,0,,true,true,0.85,
5BKxfWMbmYBAEWvyPZS9esPducUba9GqyMjtLCfbaqyF,HEG2LuUaJNZNS7EYD5qXL8G3FAHEHKzWZaMPCu3osU1R,-12203,0,0,,true,true,0.85,
5BKxfWMbmYBAEWvyPZS9esPducUba9GqyMjtLCfbaqyF,HEG2LuUaJNZNS7EYD5qXL8G3FAHEHKzWZaMPCu3osU1R,-12202,0,0,,true,true,0.85,
5BKxfWMbmYBAEWvyPZS9esPducUba9GqyMjtLCfbaqyF,HEG2LuUaJNZNS7EYD5qXL8G3FAHEHKzWZaMPCu3osU1R,-12201,0,0,,true,true,0.85,
5BKxfWMbmYBAEWvyPZS9esPducUba9GqyMjtLCfbaqyF,HEG2LuUaJNZNS7EYD5qXL8G3FAHEHKzWZaMPCu3osU1R,-12200,0,0,,true,true,0.85,
5BKxfWMbmYBAEWvyPZS9esPducUba9GqyMjtLCfbaqyF,HEG2LuUaJNZNS7EYD5qXL8G3FAHEHKzWZaMPCu3osU1R,-12199,0,0,,true,true,0.85,
5BKxfWMbmYBAEWvyPZS9esPducUba9GqyMjtLCfbaqyF,HEG2LuUaJNZNS7EYD5qXL8G3FAHEHKzWZaMPCu3osU1R,-12198,0,0,,true,true,0.85,
5BKxfWMbmYBAEWvyPZS9esPducUba9GqyMjtLCfbaqyF,HEG2LuUaJNZNS7EYD5qXL8G3FAHEHKzWZaMPCu3osU1R,-12197,0,0,,true,true,0.85,
5BKxfWMbmYBAEWvyPZS9esPducUba9GqyMjtLCfbaqyF,HEG2LuUaJNZNS7EYD5qXL8G3FAHEHKzWZaMPCu3osU1R,-12196,0,0,,true,true,0.85,
5BKxfWMbmYBAEWvyPZS9esPducUba9GqyMjtLCfbaqyF,HEG2LuUaJNZNS7EYD5qXL8G3FAHEHKzWZaMPCu3osU1R,-12195,0,0,,true,true,0.85,
5BKxfWMbmYBAEWvyPZS9esPducUba9GqyMjtLCfbaqyF,HEG2LuUaJNZNS7EYD5qXL8G3FAHEHKzWZaMPCu3osU1R,-12194,0,0,,true,true,0.85,
5BKxfWMbmYBAEWvyPZS9esPducUba9GqyMjtLCfbaqyF,HEG2LuUaJNZNS7EYD5qXL8G3FAHEHKzWZaMPCu3osU1R,-12193,0,0,,true,true,0.85,
5BKxfWMbmYBAEWvyPZS9esPducUba9GqyMjtLCfbaqyF,HEG2LuUaJNZNS7EYD5qXL8G3FAHEHKzWZaMPCu3osU1R,-12192,0,0,,true,true,0.85,
5BKxfWMbmYBAEWvyPZS9esPducUba9GqyMjtLCfbaqyF,HEG2LuUaJNZNS7EYD5qXL8G3FAHEHKzWZaMPCu3osU1R,-12191,0,0,,true,true,0.85,
5BKxfWMbmYBAEWvyPZS9esPducUba9GqyMjtLCfbaqyF,HEG2LuUaJNZNS7EYD5qXL8G3FAHEHKzWZaMPCu3osU1R,-12190,0,0,,true,true,0.85,
5BKxfWMbmYBAEWvyPZS9esPducUba9GqyMjtLCfbaqyF,HEG2LuUaJNZNS7EYD5qXL8G3FAHEHKzWZaMPCu3osU1R,-12189,0,0,,true,true,0.85,
5BKxfWMbmYBAEWvyPZS9esPducUba9GqyMjtLCfbaqyF,HEG2LuUaJNZNS7EYD5qXL8G3FAHEHKzWZaMPCu3osU1R,-12188,0,0,,true,true,0.85,
5BKxfWMbmYBAEWvyPZS9esPducUba9GqyMjtLCfbaqyF,HEG2LuUaJNZNS7EYD5qXL8G3FAHEHKzWZaMPCu3osU1R,-12187,0,0,,true,true,0.85,
5BKxfWMbmYBAEWvyPZS9esPducUba9GqyMjtLCfbaqyF,HEG2LuUaJNZNS7EYD5qXL8G3FAHEHKzWZaMPCu3osU1R,-12186,0,0,,true,true,0.85,
5BKxfWMbmYBAEWvyPZS9esPducUba9GqyMjtLCfbaqyF,HEG2LuUaJNZNS7EYD5qXL8G3FAHEHKzWZaMPCu3osU1R,-12185,0,0,,true,true,0.85,
5BKxfWMbmYBAEWvyPZS9esPducUba9GqyMjtLCfbaqyF,HEG2LuUaJNZNS7EYD5qXL8G3FAHEHKzWZaMPCu3osU1R,-12184,0,0,,true,true,0.85,
5BKxfWMbmYBAEWvyPZS9esPducUba9GqyMjtLCfbaqyF,HEG2LuUaJNZNS7EYD5qXL8G3FAHEHKzWZaMPCu3osU1R,-12183,0,0,,true,true,0.85,
5BKxfWMbmYBAEWvyPZS9esPducUba9GqyMjtLCfbaqyF,HEG2LuUaJNZNS7EYD5qXL8G3FAHEHKzWZaMPCu3osU1R,-12182,0,0,,true,true,0.85,
5BKxfWMbmYBAEWvyPZS9esPducUba9GqyMjtLCfbaqyF,HEG2LuUaJNZNS7EYD5qXL8G3FAHEHKzWZaMPCu3osU1R,-12181,0,0,,true,true,0.85,
5BKxfWMbmYBAEWvyPZS9esPducUba9GqyMjtLCfbaqyF,7tfRkX2QnictEJEZkdw85QVs3zTm21UTqPdz4Dk5fnvP,-12180,0,0,,true,true,0.85,
5BKxfWMbmYBAEWvyPZS9esPducUba9GqyMjtLCfbaqyF,7tfRkX2QnictEJEZkdw85QVs3zTm21UTqPdz4Dk5fnvP,-12179,0,0,,true,true,0.85,
5BKxfWMbmYBAEWvyPZS9esPducUba9GqyMjtLCfbaqyF,7tfRkX2QnictEJEZkdw85QVs3zTm21UTqPdz4Dk5fnvP,-12178,0,0,,true,true,0.85,
5BKxfWMbmYBAEWvyPZS9esPducUba9GqyMjtLCfbaqyF,7tfRkX2QnictEJEZkdw85QVs3zTm21UTqPdz4Dk5fnvP,-12177,0,0,,true,true,0.85,
5BKxfWMbmYBAEWvyPZS9esPducUba9GqyMjtLCfbaqyF,7tfRkX2QnictEJEZkdw85QVs3zTm21UTqPdz4Dk5fnvP,-12176,0,0,,true,true,0.85,
5BKxfWMbmYBAEWvyPZS9esPducUba9GqyMjtLCfbaqyF,7tfRkX2QnictEJEZkdw85QVs3zTm21UTqPdz4Dk5fnvP,-12175,0,0,,true,true,0.85,
5BKxfWMbmYBAEWvyPZS9esPducUba9GqyMjtLCfbaqyF,7tfRkX2QnictEJEZkdw85QVs3zTm21UTqPdz4Dk5fnvP,-12174,0,0,,true,true,0.85,
5BKxfWMbmYBAEWvyPZS9esPducUba9GqyMjtLCfbaqyF,7tfRkX2QnictEJEZkdw85QVs3zTm21UTqPdz4Dk5fnvP,-12173,0,0,,true,true,0.85,
5BKxfWMbmYBAEWvyPZS9esPducUba9GqyMjtLCfbaqyF,7tfRkX2QnictEJEZkdw85QVs3zTm21UTqPdz4Dk5fnvP,-12172,0,0,,true,true,0.85,
5BKxfWMbmYBAEWvyPZS9esPducUba9GqyMjtLCfbaqyF,7tfRkX2QnictEJEZkdw85QVs3zTm21UTqPdz4Dk5fnvP,-12171,0,0,,true,true,0.85,
5BKxfWMbmYBAEWvyPZS9esPducUba9GqyMjtLCfbaqyF,7tfRkX2QnictEJEZkdw85QVs3zTm21UTqPdz4Dk5fnvP,-12170,0,0,,true,true,0.85,
5BKxfWMbmYBAEWvyPZS9esPducUba9GqyMjtLCfbaqyF,7tfRkX2QnictEJEZkdw85QVs3zTm21UTqPdz4Dk5fnvP,-12169,0,0,,true,true,0.85,
5BKxfWMbmYBAEWvyPZS9esPducUba9GqyMjtLCfbaqyF,7tfRkX2QnictEJEZkdw85QVs3zTm21UTqPdz4Dk5fnvP,-12168,0,0,,true,true,0.85,
5BKxfWMbmYBAEWvyPZS9esPducUba9GqyMjtLCfbaqyF,7tfRkX2QnictEJEZkdw85QVs3zTm21UTqPdz4Dk5fnvP,-12167,0,0,,true,true,0.85,
5BKxfWMbmYBAEWvyPZS9esPducUba9GqyMjtLCfbaqyF,7tfRkX2QnictEJEZkdw85QVs3zTm21UTqPdz4Dk5fnvP,-12166,0,0,,true,true,0.85,
5BKxfWMbmYBAEWvyPZS9esPducUba9GqyMjtLCfbaqyF,7tfRkX2QnictEJEZkdw85QVs3zTm21UTqPdz4Dk5fnvP,-12165,0,0,,true,true,0.85,
5BKxfWMbmYBAEWvyPZS9esPducUba9GqyMjtLCfbaqyF,7tfRkX2QnictEJEZkdw85QVs3zTm21UTqPdz4Dk5fnvP,-12164,0,0,,true,true,0.85,
5BKxfWMbmYBAEWvyPZS9esPducUba9GqyMjtLCfbaqyF,7tfRkX2QnictEJEZkdw85QVs3zTm21UTqPdz4Dk5fnvP,-12163,0,0,,true,true,0.85,
5BKxfWMbmYBAEWvyPZS9esPducUba9GqyMjtLCfbaqyF,7tfRkX2QnictEJEZkdw85QVs3zTm21UTqPdz4Dk5fnvP,-12162,0,0,,true,true,0.85,
5BKxfWMbmYBAEWvyPZS9esPducUba9GqyMjtLCfbaqyF,7tfRkX2QnictEJEZkdw85QVs3zTm21UTqPdz4Dk5fnvP,-12161,0,0,,true,true,0.85,
5BKxfWMbmYBAEWvyPZS9esPducUba9GqyMjtLCfbaqyF,7tfRkX2QnictEJEZkdw85QVs3zTm21UTqPdz4Dk5fnvP,-12160,0,0,,true,true,0.85,
5BKxfWMbmYBAEWvyPZS9esPducUba9GqyMjtLCfbaqyF,7tfRkX2QnictEJEZkdw85QVs3zTm21UTqPdz4Dk5fnvP,-12159,0,0,,true,true,0.85,
5BKxfWMbmYBAEWvyPZS9esPducUba9GqyMjtLCfbaqyF,7tfRkX2QnictEJEZkdw85QVs3zTm21UTqPdz4Dk5fnvP,-12158,0,0,,true,true,0.85,
5BKxfWMbmYBAEWvyPZS9esPducUba9GqyMjtLCfbaqyF,7tfRkX2QnictEJEZkdw85QVs3zTm21UTqPdz4Dk5fnvP,-12157,0,0,,true,true,0.85,
5BKxfWMbmYBAEWvyPZS9esPducUba9GqyMjtLCfbaqyF,7tfRkX2QnictEJEZkdw85QVs3zTm21UTqPdz4Dk5fnvP,-12156,0,0,,true,true,0.85,
5BKxfWMbmYBAEWvyPZS9esPducUba9GqyMjtLCfbaqyF,7tfRkX2QnictEJEZkdw85QVs3zTm21UTqPdz4Dk5fnvP,-12155,0,0,,true,true,0.85,
5BKxfWMbmYBAEWvyPZS9esPducUba9GqyMjtLCfbaqyF,7tfRkX2QnictEJEZkdw85QVs3zTm21UTqPdz4Dk5fnvP,-12154,0,0,,true,true,0.85,
5BKxfWMbmYBAEWvyPZS9esPducUba9GqyMjtLCfbaqyF,7tfRkX2QnictEJEZkdw85QVs3zTm21UTqPdz4Dk5fnvP,-12153,0,0,,true,true,0.85,
5BKxfWMbmYBAEWvyPZS9esPducUba9GqyMjtLCfbaqyF,7tfRkX2QnictEJEZkdw85QVs3zTm21UTqPdz4Dk5fnvP,-12152,0,0,,true,true,0.85,
5BKxfWMbmYBAEWvyPZS9esPducUba9GqyMjtLCfbaqyF,7tfRkX2QnictEJEZkdw85QVs3zTm21UTqPdz4Dk5fnvP,-12151,0,0,,true,true,0.85,
5BKxfWMbmYBAEWvyPZS9esPducUba9GqyMjtLCfbaqyF,7tfRkX2QnictEJEZkdw85QVs3zTm21UTqPdz4Dk5fnvP,-12150,0,0,,true,true,0.85,
5BKxfWMbmYBAEWvyPZS9esPducUba9GqyMjtLCfbaqyF,7tfRkX2QnictEJEZkdw85QVs3zTm21UTqPdz4Dk5fnvP,-12149,0,0,,true,true,0.85,
5BKxfWMbmYBAEWvyPZS9esPducUba9GqyMjtLCfbaqyF,7tfRkX2QnictEJEZkdw85QVs3zTm21UTqPdz4Dk5fnvP,-12148,0,0,,true,true,0.85,
5BKxfWMbmYBAEWvyPZS9esPducUba9GqyMjtLCfbaqyF,7tfRkX2QnictEJEZkdw85QVs3zTm21UTqPdz4Dk5fnvP,-12147,0,0,,true,true,0.85,
5BKxfWMbmYBAEWvyPZS9esPducUba9GqyMjtLCfbaqyF,7tfRkX2QnictEJEZkdw85QVs3zTm21UTqPdz4Dk5fnvP,-12146,0,0,,true,true,0.85,
5BKxfWMbmYBAEWvyPZS9esPducUba9GqyMjtLCfbaqyF,7tfRkX2QnictEJEZkdw85QVs3zTm21UTqPdz4Dk5fnvP,-12145,0,0,,true,true,0.85,
5BKxfWMbmYBAEWvyPZS9esPducUba9GqyMjtLCfbaqyF,7tfRkX2QnictEJEZkdw85QVs3zTm21UTqPdz4Dk5fnvP,-12144,0,0,,true,true,0.85,
5BKxfWMbmYBAEWvyPZS9esPducUba9GqyMjtLCfbaqyF,7tfRkX2QnictEJEZkdw85QVs3zTm21UTqPdz4Dk5fnvP,-12143,0,0,,true,true,0.85,
5BKxfWMbmYBAEWvyPZS9esPducUba9GqyMjtLCfbaqyF,7tfRkX2QnictEJEZkdw85QVs3zTm21UTqPdz4Dk5fnvP,-12142,0,0,,true,true,0.85,
5BKxfWMbmYBAEWvyPZS9esPducUba9GqyMjtLCfbaqyF,7tfRkX2QnictEJEZkdw85QVs3zTm21UTqPdz4Dk5fnvP,-12141,0,0,,true,true,0.85,
5BKxfWMbmYBAEWvyPZS9esPducUba9GqyMjtLCfbaqyF,7tfRkX2QnictEJEZkdw85QVs3zTm21UTqPdz4Dk5fnvP,-12140,0,0,,true,true,0.85,
5BKxfWMbmYBAEWvyPZS9esPducUba9GqyMjtLCfbaqyF,7tfRkX2QnictEJEZkdw85QVs3zTm21UTqPdz4Dk5fnvP,-12139,0,0,,true,true,0.85,
5BKxfWMbmYBAEWvyPZS9esPducUba9GqyMjtLCfbaqyF,7tfRkX2QnictEJEZkdw85QVs3zTm21UTqPdz4Dk5fnvP,-12138,0,0,,true,true,0.85,
5BKxfWMbmYBAEWvyPZS9esPducUba9GqyMjtLCfbaqyF,7tfRkX2QnictEJEZkdw85QVs3zTm21UTqPdz4Dk5fnvP,-12137,0,0,,true,true,0.85,
5BKxfWMbmYBAEWvyPZS9esPducUba9GqyMjtLCfbaqyF,7tfRkX2QnictEJEZkdw85QVs3zTm21UTqPdz4Dk5fnvP,-12136,0,0,,true,true,0.85,
5BKxfWMbmYBAEWvyPZS9esPducUba9GqyMjtLCfbaqyF,7tfRkX2QnictEJEZkdw85QVs3zTm21UTqPdz4Dk5fnvP,-12135,0,0,,true,true,0.85,
5BKxfWMbmYBAEWvyPZS9esPducUba9GqyMjtLCfbaqyF,7tfRkX2QnictEJEZkdw85QVs3zTm21UTqPdz4Dk5fnvP,-12134,0,0,,true,true,0.85,
5BKxfWMbmYBAEWvyPZS9esPducUba9GqyMjtLCfbaqyF,7tfRkX2QnictEJEZkdw85QVs3zTm21UTqPdz4Dk5fnvP,-12133,0,0,,true,true,0.85,
5BKxfWMbmYBAEWvyPZS9esPducUba9GqyMjtLCfbaqyF,7tfRkX2QnictEJEZkdw85QVs3zTm21UTqPdz4Dk5fnvP,-12132,0,0,,true,true,0.85,
5BKxfWMbmYBAEWvyPZS9esPducUba9GqyMjtLCfbaqyF,7tfRkX2QnictEJEZkdw85QVs3zTm21UTqPdz4Dk5fnvP,-12131,0,0,,true,true,0.85,
5BKxfWMbmYBAEWvyPZS9esPducUba9GqyMjtLCfbaqyF,7tfRkX2QnictEJEZkdw85QVs3zTm21UTqPdz4Dk5fnvP,-12130,0,0,,true,true,0.85,
5BKxfWMbmYBAEWvyPZS9esPducUba9GqyMjtLCfbaqyF,7tfRkX2QnictEJEZkdw85QVs3zTm21UTqPdz4Dk5fnvP,-12129,0,0,,true,true,0.85,
5BKxfWMbmYBAEWvyPZS9esPducUba9GqyMjtLCfbaqyF,7tfRkX2QnictEJEZkdw85QVs3zTm21UTqPdz4Dk5fnvP,-12128,0,0,,true,true,0.85,
5BKxfWMbmYBAEWvyPZS9esPducUba9GqyMjtLCfbaqyF,7tfRkX2QnictEJEZkdw85QVs3zTm21UTqPdz4Dk5fnvP,-12127,0,0,,true,true,0.85,
5BKxfWMbmYBAEWvyPZS9esPducUba9GqyMjtLCfbaqyF,7tfRkX2QnictEJEZkdw85QVs3zTm21UTqPdz4Dk5fnvP,-12126,0,0,,true,true,0.85,
5BKxfWMbmYBAEWvyPZS9esPducUba9GqyMjtLCfbaqyF,7tfRkX2QnictEJEZkdw85QVs3zTm21UTqPdz4Dk5fnvP,-12125,0,0,,true,true,0.85,
5BKxfWMbmYBAEWvyPZS9esPducUba9GqyMjtLCfbaqyF,7tfRkX2QnictEJEZkdw85QVs3zTm21UTqPdz4Dk5fnvP,-12124,0,0,,true,true,0.85,
5BKxfWMbmYBAEWvyPZS9esPducUba9GqyMjtLCfbaqyF,7tfRkX2QnictEJEZkdw85QVs3zTm21UTqPdz4Dk5fnvP,-12123,0,0,,true,true,0.85,
5BKxfWMbmYBAEWvyPZS9esPducUba9GqyMjtLCfbaqyF,7tfRkX2QnictEJEZkdw85QVs3zTm21UTqPdz4Dk5fnvP,-12122,0,0,,true,true,0.85,
5BKxfWMbmYBAEWvyPZS9esPducUba9GqyMjtLCfbaqyF,7tfRkX2QnictEJEZkdw85QVs3zTm21UTqPdz4Dk5fnvP,-12121,0,0,,true,true,0.85,
5BKxfWMbmYBAEWvyPZS9esPducUba9GqyMjtLCfbaqyF,7tfRkX2QnictEJEZkdw85QVs3zTm21UTqPdz4Dk5fnvP,-12120,0,0,,true,true,0.85,
5BKxfWMbmYBAEWvyPZS9esPducUba9GqyMjtLCfbaqyF,7tfRkX2QnictEJEZkdw85QVs3zTm21UTqPdz4Dk5fnvP,-12119,0,0,,true,true,0.85,
5BKxfWMbmYBAEWvyPZS9esPducUba9GqyMjtLCfbaqyF,7tfRkX2QnictEJEZkdw85QVs3zTm21UTqPdz4Dk5fnvP,-12118,0,0,,true,true,0.85,
5BKxfWMbmYBAEWvyPZS9esPducUba9GqyMjtLCfbaqyF,7tfRkX2QnictEJEZkdw85QVs3zTm21UTqPdz4Dk5fnvP,-12117,0,0,,true,true,0.85,
5BKxfWMbmYBAEWvyPZS9esPducUba9GqyMjtLCfbaqyF,7tfRkX2QnictEJEZkdw85QVs3zTm21UTqPdz4Dk5fnvP,-12116,0,0,,true,true,0.85,
5BKxfWMbmYBAEWvyPZS9esPducUba9GqyMjtLCfbaqyF,7tfRkX2QnictEJEZkdw85QVs3zTm21UTqPdz4Dk5fnvP,-12115,0,0,,true,true,0.85,
5BKxfWMbmYBAEWvyPZS9esPducUba9GqyMjtLCfbaqyF,7tfRkX2QnictEJEZkdw85QVs3zTm21UTqPdz4Dk5fnvP,-12114,0,0,,true,true,0.85,
5BKxfWMbmYBAEWvyPZS9esPducUba9GqyMjtLCfbaqyF,7tfRkX2QnictEJEZkdw85QVs3zTm21UTqPdz4Dk5fnvP,-12113,0,0,,true,true,0.85,
5BKxfWMbmYBAEWvyPZS9esPducUba9GqyMjtLCfbaqyF,7tfRkX2QnictEJEZkdw85QVs3zTm21UTqPdz4Dk5fnvP,-12112,0,0,,true,true,0.85,
5BKxfWMbmYBAEWvyPZS9esPducUba9GqyMjtLCfbaqyF,7tfRkX2QnictEJEZkdw85QVs3zTm21UTqPdz4Dk5fnvP,-12111,0,0,,true,true,0.85,
9DiruRpjnAnzhn6ts5HGLouHtJrT1JGsPbXNYCrFz2ad,yhkw7F4xFVLWmF775cfj56gMQhNZchrmdpSBALC6Z5j,-350,0,0,,true,true,0.85,
9DiruRpjnAnzhn6ts5HGLouHtJrT1JGsPbXNYCrFz2ad,yhkw7F4xFVLWmF775cfj56gMQhNZchrmdpSBALC6Z5j,-349,0,0,,true,true,0.85,
9DiruRpjnAnzhn6ts5HGLouHtJrT1JGsPbXNYCrFz2ad,yhkw7F4xFVLWmF775cfj56gMQhNZchrmdpSBALC6Z5j,-348,0,0,,true,true,0.85,
9DiruRpjnAnzhn6ts5HGLouHtJrT1JGsPbXNYCrFz2ad,yhkw7F4xFVLWmF775cfj56gMQhNZchrmdpSBALC6Z5j,-347,0,0,,true,true,0.85,
9DiruRpjnAnzhn6ts5HGLouHtJrT1JGsPbXNYCrFz2ad,yhkw7F4xFVLWmF775cfj56gMQhNZchrmdpSBALC6Z5j,-346,0,0,,true,true,0.85,
9DiruRpjnAnzhn6ts5HGLouHtJrT1JGsPbXNYCrFz2ad,yhkw7F4xFVLWmF775cfj56gMQhNZchrmdpSBALC6Z5j,-345,0,0,,true,true,0.85,
9DiruRpjnAnzhn6ts5HGLouHtJrT1JGsPbXNYCrFz2ad,yhkw7F4xFVLWmF775cfj56gMQhNZchrmdpSBALC6Z5j,-344,0,0,,true,true,0.85,
9DiruRpjnAnzhn6ts5HGLouHtJrT1JGsPbXNYCrFz2ad,yhkw7F4xFVLWmF775cfj56gMQhNZchrmdpSBALC6Z5j,-343,0,0,,true,true,0.85,
9DiruRpjnAnzhn6ts5HGLouHtJrT1JGsPbXNYCrFz2ad,yhkw7F4xFVLWmF775cfj56gMQhNZchrmdpSBALC6Z5j,-342,0,0,,true,true,0.85,
9DiruRpjnAnzhn6ts5HGLouHtJrT1JGsPbXNYCrFz2ad,yhkw7F4xFVLWmF775cfj56gMQhNZchrmdpSBALC6Z5j,-341,0,0,,true,true,0.85,
9DiruRpjnAnzhn6ts5HGLouHtJrT1JGsPbXNYCrFz2ad,yhkw7F4xFVLWmF775cfj56gMQhNZchrmdpSBALC6Z5j,-340,0,0,,true,true,0.85,
9DiruRpjnAnzhn6ts5HGLouHtJrT1JGsPbXNYCrFz2ad,yhkw7F4xFVLWmF775cfj56gMQhNZchrmdpSBALC6Z5j,-339,0,0,,true,true,0.85,
9DiruRpjnAnzhn6ts5HGLouHtJrT1JGsPbXNYCrFz2ad,yhkw7F4xFVLWmF775cfj56gMQhNZchrmdpSBALC6Z5j,-338,0,0,,true,true,0.85,
9DiruRpjnAnzhn6ts5HGLouHtJrT1JGsPbXNYCrFz2ad,yhkw7F4xFVLWmF775cfj56gMQhNZchrmdpSBALC6Z5j,-337,0,0,,true,true,0.85,
9DiruRpjnAnzhn6ts5HGLouHtJrT1JGsPbXNYCrFz2ad,yhkw7F4xFVLWmF775cfj56gMQhNZchrmdpSBALC6Z5j,-336,0,0,,true,true,0.85,
9DiruRpjnAnzhn6ts5HGLouHtJrT1JGsPbXNYCrFz2ad,yhkw7F4xFVLWmF775cfj56gMQhNZchrmdpSBALC6Z5j,-335,0,0,,true,true,0.85,
9DiruRpjnAnzhn6ts5HGLouHtJrT1JGsPbXNYCrFz2ad,yhkw7F4xFVLWmF775cfj56gMQhNZchrmdpSBALC6Z5j,-334,0,0,,true,true,0.85,
9DiruRpjnAnzhn6ts5HGLouHtJrT1JGsPbXNYCrFz2ad,yhkw7F4xFVLWmF775cfj56gMQhNZchrmdpSBALC6Z5j,-333,0,0,,true,true,0.85,
9DiruRpjnAnzhn6ts5HGLouHtJrT1JGsPbXNYCrFz2ad,yhkw7F4xFVLWmF775cfj56gMQhNZchrmdpSBALC6Z5j,-332,0,0,,true,true,0.85,
9DiruRpjnAnzhn6ts5HGLouHtJrT1JGsPbXNYCrFz2ad,yhkw7F4xFVLWmF775cfj56gMQhNZchrmdpSBALC6Z5j,-331,0,0,,true,true,0.85,
9DiruRpjnAnzhn6ts5HGLouHtJrT1JGsPbXNYCrFz2ad,yhkw7F4xFVLWmF775cfj56gMQhNZchrmdpSBALC6Z5j,-330,0,0,,true,true,0.85,
9DiruRpjnAnzhn6ts5HGLouHtJrT1JGsPbXNYCrFz2ad,yhkw7F4xFVLWmF775cfj56gMQhNZchrmdpSBALC6Z5j,-329,0,0,,true,true,0.85,
9DiruRpjnAnzhn6ts5HGLouHtJrT1JGsPbXNYCrFz2ad,yhkw7F4xFVLWmF775cfj56gMQhNZchrmdpSBALC6Z5j,-328,0,0,,true,true,0.85,
9DiruRpjnAnzhn6ts5HGLouHtJrT1JGsPbXNYCrFz2ad,yhkw7F4xFVLWmF775cfj56gMQhNZchrmdpSBALC6Z5j,-327,0,0,,true,true,0.85,
9DiruRpjnAnzhn6ts5HGLouHtJrT1JGsPbXNYCrFz2ad,yhkw7F4xFVLWmF775cfj56gMQhNZchrmdpSBALC6Z5j,-326,0,0,,true,true,0.85,
9DiruRpjnAnzhn6ts5HGLouHtJrT1JGsPbXNYCrFz2ad,yhkw7F4xFVLWmF775cfj56gMQhNZchrmdpSBALC6Z5j,-325,0,0,,true,true,0.85,
9DiruRpjnAnzhn6ts5HGLouHtJrT1JGsPbXNYCrFz2ad,yhkw7F4xFVLWmF775cfj56gMQhNZchrmdpSBALC6Z5j,-324,0,0,,true,true,0.85,
9DiruRpjnAnzhn6ts5HGLouHtJrT1JGsPbXNYCrFz2ad,yhkw7F4xFVLWmF775cfj56gMQhNZchrmdpSBALC6Z5j,-323,0,0,,true,true,0.85,
9DiruRpjnAnzhn6ts5HGLouHtJrT1JGsPbXNYCrFz2ad,yhkw7F4xFVLWmF775cfj56gMQhNZchrmdpSBALC6Z5j,-322,0,0,,true,true,0.85,
9DiruRpjnAnzhn6ts5HGLouHtJrT1JGsPbXNYCrFz2ad,yhkw7F4xFVLWmF775cfj56gMQhNZchrmdpSBALC6Z5j,-321,0,0,,true,true,0.85,
9DiruRpjnAnzhn6ts5HGLouHtJrT1JGsPbXNYCrFz2ad,yhkw7F4xFVLWmF775cfj56gMQhNZchrmdpSBALC6Z5j,-320,0,0,,true,true,0.85,
9DiruRpjnAnzhn6ts5HGLouHtJrT1JGsPbXNYCrFz2ad,yhkw7F4xFVLWmF775cfj56gMQhNZchrmdpSBALC6Z5j,-319,0,0,,true,true,0.85,
9DiruRpjnAnzhn6ts5HGLouHtJrT1JGsPbXNYCrFz2ad,yhkw7F4xFVLWmF775cfj56gMQhNZchrmdpSBALC6Z5j,-318,0,0,,true,true,0.85,
9DiruRpjnAnzhn6ts5HGLouHtJrT1JGsPbXNYCrFz2ad,yhkw7F4xFVLWmF775cfj56gMQhNZchrmdpSBALC6Z5j,-317,0,0,,true,true,0.85,
9DiruRpjnAnzhn6ts5HGLouHtJrT1JGsPbXNYCrFz2ad,yhkw7F4xFVLWmF775cfj56gMQhNZchrmdpSBALC6Z5j,-316,0,0,,true,true,0.85,
9DiruRpjnAnzhn6ts5HGLouHtJrT1JGsPbXNYCrFz2ad,yhkw7F4xFVLWmF775cfj56gMQhNZchrmdpSBALC6Z5j,-315,0,0,,true,true,0.85,
9DiruRpjnAnzhn6ts5HGLouHtJrT1JGsPbXNYCrFz2ad,yhkw7F4xFVLWmF775cfj56gMQhNZchrmdpSBALC6Z5j,-314,0,0,,true,true,0.85,
9DiruRpjnAnzhn6ts5HGLouHtJrT1JGsPbXNYCrFz2ad,yhkw7F4xFVLWmF775cfj56gMQhNZchrmdpSBALC6Z5j,-313,0,0,,true,true,0.85,
9DiruRpjnAnzhn6ts5HGLouHtJrT1JGsPbXNYCrFz2ad,yhkw7F4xFVLWmF775cfj56gMQhNZchrmdpSBALC6Z5j,-312,0,0,,true,true,0.85,
9DiruRpjnAnzhn6ts5HGLouHtJrT1JGsPbXNYCrFz2ad,yhkw7F4xFVLWmF775cfj56gMQhNZchrmdpSBALC6Z5j,-311,0,0,,true,true,0.85,
9DiruRpjnAnzhn6ts5HGLouHtJrT1JGsPbXNYCrFz2ad,yhkw7F4xFVLWmF775cfj56gMQhNZchrmdpSBALC6Z5j,-310,0,0,,true,true,0.85,
9DiruRpjnAnzhn6ts5HGLouHtJrT1JGsPbXNYCrFz2ad,yhkw7F4xFVLWmF775cfj56gMQhNZchrmdpSBALC6Z5j,-309,0,0,,true,true,0.85,
9DiruRpjnAnzhn6ts5HGLouHtJrT1JGsPbXNYCrFz2ad,yhkw7F4xFVLWmF775cfj56gMQhNZchrmdpSBALC6Z5j,-308,0,0,,true,true,0.85,
9DiruRpjnAnzhn6ts5HGLouHtJrT1JGsPbXNYCrFz2ad,yhkw7F4xFVLWmF775cfj56gMQhNZchrmdpSBALC6Z5j,-307,0,0,,true,true,0.85,
9DiruRpjnAnzhn6ts5HGLouHtJrT1JGsPbXNYCrFz2ad,yhkw7F4xFVLWmF775cfj56gMQhNZchrmdpSBALC6Z5j,-306,0,0,,true,true,0.85,
9DiruRpjnAnzhn6ts5HGLouHtJrT1JGsPbXNYCrFz2ad,yhkw7F4xFVLWmF775cfj56gMQhNZchrmdpSBALC6Z5j,-305,0,0,,true,true,0.85,
9DiruRpjnAnzhn6ts5HGLouHtJrT1JGsPbXNYCrFz2ad,yhkw7F4xFVLWmF775cfj56gMQhNZchrmdpSBALC6Z5j,-304,0,0,,true,true,0.85,
9DiruRpjnAnzhn6ts5HGLouHtJrT1JGsPbXNYCrFz2ad,yhkw7F4xFVLWmF775cfj56gMQhNZchrmdpSBALC6Z5j,-303,0,0,,true,true,0.85,
9DiruRpjnAnzhn6ts5HGLouHtJrT1JGsPbXNYCrFz2ad,yhkw7F4xFVLWmF775cfj56gMQhNZchrmdpSBALC6Z5j,-302,0,0,,true,true,0.85,
9DiruRpjnAnzhn6ts5HGLouHtJrT1JGsPbXNYCrFz2ad,yhkw7F4xFVLWmF775cfj56gMQhNZchrmdpSBALC6Z5j,-301,0,5121595254,,true,true,0.85,
9DiruRpjnAnzhn6ts5HGLouHtJrT1JGsPbXNYCrFz2ad,yhkw7F4xFVLWmF775cfj56gMQhNZchrmdpSBALC6Z5j,-300,0,4082479105,,true,true,0.85,
9DiruRpjnAnzhn6ts5HGLouHtJrT1JGsPbXNYCrFz2ad,yhkw7F4xFVLWmF775cfj56gMQhNZchrmdpSBALC6Z5j,-299,0,3812318197,,true,true,0.85,
9DiruRpjnAnzhn6ts5HGLouHtJrT1JGsPbXNYCrFz2ad,yhkw7F4xFVLWmF775cfj56gMQhNZchrmdpSBALC6Z5j,-298,0,3671510529,,true,true,0.85,
9DiruRpjnAnzhn6ts5HGLouHtJrT1JGsPbXNYCrFz2ad,yhkw7F4xFVLWmF775cfj56gMQhNZchrmdpSBALC6Z5j,-297,0,3587745528,,true,true,0.85,
9DiruRpjnAnzhn6ts5HGLouHtJrT1JGsPbXNYCrFz2ad,yhkw7F4xFVLWmF775cfj56gMQhNZchrmdpSBALC6Z5j,-296,0,3536066643,,true,true,0.85,
9DiruRpjnAnzhn6ts5HGLouHtJrT1JGsPbXNYCrFz2ad,yhkw7F4xFVLWmF775cfj56gMQhNZchrmdpSBALC6Z5j,-295,0,3504877655,,true,true,0.85,
9DiruRpjnAnzhn6ts5HGLouHtJrT1JGsPbXNYCrFz2ad,yhkw7F4xFVLWmF775cfj56gMQhNZchrmdpSBALC6Z5j,-294,0,3487999643,,true,true,0.85,
9DiruRpjnAnzhn6ts5HGLouHtJrT1JGsPbXNYCrFz2ad,yhkw7F4xFVLWmF775cfj56gMQhNZchrmdpSBALC6Z5j,-293,0,3481594624,,true,true,0.85,
9DiruRpjnAnzhn6ts5HGLouHtJrT1JGsPbXNYCrFz2ad,yhkw7F4xFVLWmF775cfj56gMQhNZchrmdpSBALC6Z5j,-292,0,3483358719,,true,true,0.85,
9DiruRpjnAnzhn6ts5HGLouHtJrT1JGsPbXNYCrFz2ad,yhkw7F4xFVLWmF775cfj56gMQhNZchrmdpSBALC6Z5j,-291,0,3491608002,,true,true,0.85,
9DiruRpjnAnzhn6ts5HGLouHtJrT1JGsPbXNYCrFz2ad,yhkw7F4xFVLWmF775cfj56gMQhNZchrmdpSBALC6Z5j,-290,0,3505200264,,true,true,0.85,
9DiruRpjnAnzhn6ts5HGLouHtJrT1JGsPbXNYCrFz2ad,yhkw7F4xFVLWmF775cfj56gMQhNZchrmdpSBALC6Z5j,-289,0,3523281969,,true,true,0.85,
9DiruRpjnAnzhn6ts5HGLouHtJrT1JGsPbXNYCrFz2ad,yhkw7F4xFVLWmF775cfj56gMQhNZchrmdpSBALC6Z5j,-288,0,3545246947,,true,true,0.85,
9DiruRpjnAnzhn6ts5HGLouHtJrT1JGsPbXNYCrFz2ad,yhkw7F4xFVLWmF775cfj56gMQhNZchrmdpSBALC6Z5j,-287,0,3570634648,,true,true,0.85,
9DiruRpjnAnzhn6ts5HGLouHtJrT1JGsPbXNYCrFz2ad,yhkw7F4xFVLWmF775cfj56gMQhNZchrmdpSBALC6Z5j,-286,0,3599079984,,true,true,0.85,
9DiruRpjnAnzhn6ts5HGLouHtJrT1JGsPbXNYCrFz2ad,yhkw7F4xFVLWmF775cfj56gMQhNZchrmdpSBALC6Z5j,-285,0,3630259928,,true,true,0.85,
9DiruRpjnAnzhn6ts5HGLouHtJrT1JGsPbXNYCrFz2ad,yhkw7F4xFVLWmF775cfj56gMQhNZchrmdpSBALC6Z5j,-284,0,3663955278,,true,true,0.85,
9DiruRpjnAnzhn6ts5HGLouHtJrT1JGsPbXNYCrFz2ad,yhkw7F4xFVLWmF775cfj56gMQhNZchrmdpSBALC6Z5j,-283,0,3699996348,,true,true,0.85,
9DiruRpjnAnzhn6ts5HGLouHtJrT1JGsPbXNYCrFz2ad,yhkw7F4xFVLWmF775cfj56gMQhNZchrmdpSBALC6Z5j,-282,0,3738144799,,true,true,0.85,
9DiruRpjnAnzhn6ts5HGLouHtJrT1JGsPbXNYCrFz2ad,yhkw7F4xFVLWmF775cfj56gMQhNZchrmdpSBALC6Z5j,-281,0,3778395652,,true,true,0.85,
9DiruRpjnAnzhn6ts5HGLouHtJrT1JGsPbXNYCrFz2ad,29JynFXae8M6FLSmNPpDbTsEfXhxhxmSCQFGnBnFsU2N,-280,0,3820619249,,true,true,0.85,
9DiruRpjnAnzhn6ts5HGLouHtJrT1JGsPbXNYCrFz2ad,29JynFXae8M6FLSmNPpDbTsEfXhxhxmSCQFGnBnFsU2N,-279,0,3864617323,,true,true,0.85,
9DiruRpjnAnzhn6ts5HGLouHtJrT1JGsPbXNYCrFz2ad,29JynFXae8M6FLSmNPpDbTsEfXhxhxmSCQFGnBnFsU2N,-278,0,3910497120,,true,true,0.85,
9DiruRpjnAnzhn6ts5HGLouHtJrT1JGsPbXNYCrFz2ad,29JynFXae8M6FLSmNPpDbTsEfXhxhxmSCQFGnBnFsU2N,-277,0,3958051593,,true,true,0.85,
9DiruRpjnAnzhn6ts5HGLouHtJrT1JGsPbXNYCrFz2ad,29JynFXae8M6FLSmNPpDbTsEfXhxhxmSCQFGnBnFsU2N,-276,0,4007321083,,true,true,0.85,
9DiruRpjnAnzhn6ts5HGLouHtJrT1JGsPbXNYCrFz2ad,29JynFXae8M6FLSmNPpDbTsEfXhxhxmSCQFGnBnFsU2N,-275,0,4058217070,,true,true,0.85,
9DiruRpjnAnzhn6ts5HGLouHtJrT1JGsPbXNYCrFz2ad,29JynFXae8M6FLSmNPpDbTsEfXhxhxmSCQFGnBnFsU2N,-274,0,4110777527,,true,true,0.85,
9DiruRpjnAnzhn6ts5HGLouHtJrT1JGsPbXNYCrFz2ad,29JynFXae8M6FLSmNPpDbTsEfXhxhxmSCQFGnBnFsU2N,-273,0,4164869533,,true,true,0.85,
9DiruRpjnAnzhn6ts5HGLouHtJrT1JGsPbXNYCrFz2ad,29JynFXae8M6FLSmNPpDbTsEfXhxhxmSCQFGnBnFsU2N,-272,0,4220633329,,true,true,0.85,
9DiruRpjnAnzhn6ts5HGLouHtJrT1JGsPbXNYCrFz2ad,29JynFXae8M6FLSmNPpDbTsEfXhxhxmSCQFGnBnFsU2N,-271,0,4277904643,,true,true,0.85,
9DiruRpjnAnzhn6ts5HGLouHtJrT1JGsPbXNYCrFz2ad,29JynFXae8M6FLSmNPpDbTsEfXhxhxmSCQFGnBnFsU2N,-270,0,4336716145,,true,true,0.85,
9DiruRpjnAnzhn6ts5HGLouHtJrT1JGsPbXNYCrFz2ad,29JynFXae8M6FLSmNPpDbTsEfXhxhxmSCQFGnBnFsU2N,-269,0,4397101088,,true,true,0.85,
9DiruRpjnAnzhn6ts5HGLouHtJrT1JGsPbXNYCrFz2ad,29JynFXae8M6FLSmNPpDbTsEfXhxhxmSCQFGnBnFsU2N,-268,0,4459023835,,true,true,0.85,
9DiruRpjnAnzhn6ts5HGLouHtJrT1JGsPbXNYCrFz2ad,29JynFXae8M6FLSmNPpDbTsEfXhxhxmSCQFGnBnFsU2N,-267,0,4522446573,,true,true,0.85,
9DiruRpjnAnzhn6ts5HGLouHtJrT1JGsPbXNYCrFz2ad,29JynFXae8M6FLSmNPpDbTsEfXhxhxmSCQFGnBnFsU2N,-266,0,4587400130,,true,true,0.85,
9DiruRpjnAnzhn6ts5HGLouHtJrT1JGsPbXNYCrFz2ad,29JynFXae8M6FLSmNPpDbTsEfXhxhxmSCQFGnBnFsU2N,-265,0,4653915871,,true,true,0.85,
9DiruRpjnAnzhn6ts5HGLouHtJrT1JGsPbXNYCrFz2ad,29JynFXae8M6FLSmNPpDbTsEfXhxhxmSCQFGnBnFsU2N,-264,0,4722025705,,true,true,0.85,
9DiruRpjnAnzhn6ts5HGLouHtJrT1JGsPbXNYCrFz2ad,29JynFXae8M6FLSmNPpDbTsEfXhxhxmSCQFGnBnFsU2N,-263,0,4791616042,,true,true,0.85,
9DiruRpjnAnzhn6ts5HGLouHtJrT1JGsPbXNYCrFz2ad,29JynFXae8M6FLSmNPpDbTsEfXhxhxmSCQFGnBnFsU2N,-262,0,4862863040,,true,true,0.85,
9DiruRpjnAnzhn6ts5HGLouHtJrT1JGsPbXNYCrFz2ad,29JynFXae8M6FLSmNPpDbTsEfXhxhxmSCQFGnBnFsU2N,-261,0,4935576769,,true,true,0.85,
9DiruRpjnAnzhn6ts5HGLouHtJrT1JGsPbXNYCrFz2ad,29JynFXae8M6FLSmNPpDbTsEfXhxhxmSCQFGnBnFsU2N,-260,0,5009935134,,true,true,0.85,
9DiruRpjnAnzhn6ts5HGLouHtJrT1JGsPbXNYCrFz2ad,29JynFXae8M6FLSmNPpDbTsEfXhxhxmSCQFGnBnFsU2N,-259,0,5085970533,,true,true,0.85,
9DiruRpjnAnzhn6ts5HGLouHtJrT1JGsPbXNYCrFz2ad,29JynFXae8M6FLSmNPpDbTsEfXhxhxmSCQFGnBnFsU2N,-258,0,5163562406,,true,true,0.85,
9DiruRpjnAnzhn6ts5HGLouHtJrT1JGsPbXNYCrFz2ad,29JynFXae8M6FLSmNPpDbTsEfXhxhxmSCQFGnBnFsU2N,-257,0,5242739656,,true,true,0.85,
9DiruRpjnAnzhn6ts5HGLouHtJrT1JGsPbXNYCrFz2ad,29JynFXae8M6FLSmNPpDbTsEfXhxhxmSCQFGnBnFsU2N,-256,0,5323752812,,true,true,0.85,
9DiruRpjnAnzhn6ts5HGLouHtJrT1JGsPbXNYCrFz2ad,29JynFXae8M6FLSmNPpDbTsEfXhxhxmSCQFGnBnFsU2N,-255,0,5407348371,,true,true,0.85,
9DiruRpjnAnzhn6ts5HGLouHtJrT1JGsPbXNYCrFz2ad,29JynFXae8M6FLSmNPpDbTsEfXhxhxmSCQFGnBnFsU2N,-254,0,5491622066,,true,true,0.85,
9DiruRpjnAnzhn6ts5HGLouHtJrT1JGsPbXNYCrFz2ad,29JynFXae8M6FLSmNPpDbTsEfXhxhxmSCQFGnBnFsU2N,-253,0,5577524129,,true,true,0.85,
9DiruRpjnAnzhn6ts5HGLouHtJrT1JGsPbXNYCrFz2ad,29JynFXae8M6FLSmNPpDbTsEfXhxhxmSCQFGnBnFsU2N,-252,0,5665246487,,true,true,0.85,
9DiruRpjnAnzhn6ts5HGLouHtJrT1JGsPbXNYCrFz2ad,29JynFXae8M6FLSmNPpDbTsEfXhxhxmSCQFGnBnFsU2N,-251,0,5754741190,,true,true,0.85,
9DiruRpjnAnzhn6ts5HGLouHtJrT1JGsPbXNYCrFz2ad,29JynFXae8M6FLSmNPpDbTsEfXhxhxmSCQFGnBnFsU2N,-250,0,5845957564,,true,true,0.85,
9DiruRpjnAnzhn6ts5HGLouHtJrT1JGsPbXNYCrFz2ad,29JynFXae8M6FLSmNPpDbTsEfXhxhxmSCQFGnBnFsU2N,-249,0,5939093968,,true,true,0.85,
9DiruRpjnAnzhn6ts5HGLouHtJrT1JGsPbXNYCrFz2ad,29JynFXae8M6FLSmNPpDbTsEfXhxhxmSCQFGnBnFsU2N,-248,0,6033932052,,true,true,0.85,
9DiruRpjnAnzhn6ts5HGLouHtJrT1JGsPbXNYCrFz2ad,29JynFXae8M6FLSmNPpDbTsEfXhxhxmSCQFGnBnFsU2N,-247,0,6130757668,,true,true,0.85,
9DiruRpjnAnzhn6ts5HGLouHtJrT1JGsPbXNYCrFz2ad,29JynFXae8M6FLSmNPpDbTsEfXhxhxmSCQFGnBnFsU2N,-246,0,6229434966,,true,true,0.85,
9DiruRpjnAnzhn6ts5HGLouHtJrT1JGsPbXNYCrFz2ad,29JynFXae8M6FLSmNPpDbTsEfXhxhxmSCQFGnBnFsU2N,-245,0,6329996511,,true,true,0.85,
9DiruRpjnAnzhn6ts5HGLouHtJrT1JGsPbXNYCrFz2ad,29JynFXae8M6FLSmNPpDbTsEfXhxhxmSCQFGnBnFsU2N,-244,0,6432563527,,true,true,0.85,
9DiruRpjnAnzhn6ts5HGLouHtJrT1JGsPbXNYCrFz2ad,29JynFXae8M6FLSmNPpDbTsEfXhxhxmSCQFGnBnFsU2N,-243,0,6537083181,,true,true,0.85,
9DiruRpjnAnzhn6ts5HGLouHtJrT1JGsPbXNYCrFz2ad,29JynFXae8M6FLSmNPpDbTsEfXhxhxmSCQFGnBnFsU2N,-242,0,6643593724,,true,true,0.85,
9DiruRpjnAnzhn6ts5HGLouHtJrT1JGsPbXNYCrFz2ad,29JynFXae8M6FLSmNPpDbTsEfXhxhxmSCQFGnBnFsU2N,-241,0,6752140347,,true,true,0.85,
9DiruRpjnAnzhn6ts5HGLouHtJrT1JGsPbXNYCrFz2ad,29JynFXae8M6FLSmNPpDbTsEfXhxhxmSCQFGnBnFsU2N,-240,0,6862855079,,true,true,0.85,
9DiruRpjnAnzhn6ts5HGLouHtJrT1JGsPbXNYCrFz2ad,29JynFXae8M6FLSmNPpDbTsEfXhxhxmSCQFGnBnFsU2N,-239,0,6975571354,,true,true,0.85,
9DiruRpjnAnzhn6ts5HGLouHtJrT1JGsPbXNYCrFz2ad,29JynFXae8M6FLSmNPpDbTsEfXhxhxmSCQFGnBnFsU2N,-238,0,7090418278,,true,true,0.85,
9DiruRpjnAnzhn6ts5HGLouHtJrT1JGsPbXNYCrFz2ad,29JynFXae8M6FLSmNPpDbTsEfXhxhxmSCQFGnBnFsU2N,-237,0,7207432773,,true,true,0.85,
9DiruRpjnAnzhn6ts5HGLouHtJrT1JGsPbXNYCrFz2ad,29JynFXae8M6FLSmNPpDbTsEfXhxhxmSCQFGnBnFsU2N,-236,59314773513,1660319766,,true,true,0.85,
9DiruRpjnAnzhn6ts5HGLouHtJrT1JGsPbXNYCrFz2ad,29JynFXae8M6FLSmNPpDbTsEfXhxhxmSCQFGnBnFsU2N,-235,77192458387,0,,true,true,0.85,
9DiruRpjnAnzhn6ts5HGLouHtJrT1JGsPbXNYCrFz2ad,29JynFXae8M6FLSmNPpDbTsEfXhxhxmSCQFGnBnFsU2N,-234,77698969928,0,,true,true,0.85,
9DiruRpjnAnzhn6ts5HGLouHtJrT1JGsPbXNYCrFz2ad,29JynFXae8M6FLSmNPpDbTsEfXhxhxmSCQFGnBnFsU2N,-233,78210488288,0,,true,true,0.85,
9DiruRpjnAnzhn6ts5HGLouHtJrT1JGsPbXNYCrFz2ad,29JynFXae8M6FLSmNPpDbTsEfXhxhxmSCQFGnBnFsU2N,-232,78729015269,0,,true,true,0.85,
9DiruRpjnAnzhn6ts5HGLouHtJrT1JGsPbXNYCrFz2ad,29JynFXae8M6FLSmNPpDbTsEfXhxhxmSCQFGnBnFsU2N,-231,79253653075,0,,true,true,0.85,
9DiruRpjnAnzhn6ts5HGLouHtJrT1JGsPbXNYCrFz2ad,29JynFXae8M6FLSmNPpDbTsEfXhxhxmSCQFGnBnFsU2N,-230,79783091576,0,,true,true,0.85,
9DiruRpjnAnzhn6ts5HGLouHtJrT1JGsPbXNYCrFz2ad,29JynFXae8M6FLSmNPpDbTsEfXhxhxmSCQFGnBnFsU2N,-229,80319641268,0,,true,true,0.85,
9DiruRpjnAnzhn6ts5HGLouHtJrT1JGsPbXNYCrFz2ad,29JynFXae8M6FLSmNPpDbTsEfXhxhxmSCQFGnBnFsU2N,-228,80862297868,0,,true,true,0.85,
9DiruRpjnAnzhn6ts5HGLouHtJrT1JGsPbXNYCrFz2ad,29JynFXae8M6FLSmNPpDbTsEfXhxhxmSCQFGnBnFsU2N,-227,81410871711,0,,true,true,0.85,
9DiruRpjnAnzhn6ts5HGLouHtJrT1JGsPbXNYCrFz2ad,29JynFXae8M6FLSmNPpDbTsEfXhxhxmSCQFGnBnFsU2N,-226,81968651652,0,,true,true,0.85,
9DiruRpjnAnzhn6ts5HGLouHtJrT1JGsPbXNYCrFz2ad,29JynFXae8M6FLSmNPpDbTsEfXhxhxmSCQFGnBnFsU2N,-225,82529393709,0,,true,true,0.85,
9DiruRpjnAnzhn6ts5HGLouHtJrT1JGsPbXNYCrFz2ad,29JynFXae8M6FLSmNPpDbTsEfXhxhxmSCQFGnBnFsU2N,-224,83093492315,0,,true,true,0.85,
9DiruRpjnAnzhn6ts5HGLouHtJrT1JGsPbXNYCrFz2ad,29JynFXae8M6FLSmNPpDbTsEfXhxhxmSCQFGnBnFsU2N,-223,83666084173,0,,true,true,0.85,
9DiruRpjnAnzhn6ts5HGLouHtJrT1JGsPbXNYCrFz2ad,29JynFXae8M6FLSmNPpDbTsEfXhxhxmSCQFGnBnFsU2N,-222,84325264620,0,,true,true,0.85,
9DiruRpjnAnzhn6ts5HGLouHtJrT1JGsPbXNYCrFz2ad,29JynFXae8M6FLSmNPpDbTsEfXhxhxmSCQFGnBnFsU2N,-221,84830829106,0,,true,true,0.85,
9DiruRpjnAnzhn6ts5HGLouHtJrT1JGsPbXNYCrFz2ad,29JynFXae8M6FLSmNPpDbTsEfXhxhxmSCQFGnBnFsU2N,-220,85428023332,0,,true,true,0.85,
9DiruRpjnAnzhn6ts5HGLouHtJrT1JGsPbXNYCrFz2ad,29JynFXae8M6FLSmNPpDbTsEfXhxhxmSCQFGnBnFsU2N,-219,86025579296,0,,true,true,0.85,
9DiruRpjnAnzhn6ts5HGLouHtJrT1JGsPbXNYCrFz2ad,29JynFXae8M6FLSmNPpDbTsEfXhxhxmSCQFGnBnFsU2N,-218,86629142378,0,,true,true,0.85,
9DiruRpjnAnzhn6ts5HGLouHtJrT1JGsPbXNYCrFz2ad,29JynFXae8M6FLSmNPpDbTsEfXhxhxmSCQFGnBnFsU2N,-217,87239712981,0,,true,true,0.85,
9DiruRpjnAnzhn6ts5HGLouHtJrT1JGsPbXNYCrFz2ad,29JynFXae8M6FLSmNPpDbTsEfXhxhxmSCQFGnBnFsU2N,-216,87855287871,0,,true,true,0.85,
9DiruRpjnAnzhn6ts5HGLouHtJrT1JGsPbXNYCrFz2ad,29JynFXae8M6FLSmNPpDbTsEfXhxhxmSCQFGnBnFsU2N,-215,88478509222,0,,true,true,0.85,
9DiruRpjnAnzhn6ts5HGLouHtJrT1JGsPbXNYCrFz2ad,29JynFXae8M6FLSmNPpDbTsEfXhxhxmSCQFGnBnFsU2N,-214,89106458518,0,,true,true,0.85,
9DiruRpjnAnzhn6ts5HGLouHtJrT1JGsPbXNYCrFz2ad,29JynFXae8M6FLSmNPpDbTsEfXhxhxmSCQFGnBnFsU2N,-213,89742053518,0,,true,true,0.85,
9DiruRpjnAnzhn6ts5HGLouHtJrT1JGsPbXNYCrFz2ad,29JynFXae8M6FLSmNPpDbTsEfXhxhxmSCQFGnBnFsU2N,-212,90383654088,0,,true,true,0.85,
9DiruRpjnAnzhn6ts5HGLouHtJrT1JGsPbXNYCrFz2ad,29JynFXae8M6FLSmNPpDbTsEfXhxhxmSCQFGnBnFsU2N,-211,91031261962,0,,true,true,0.85,
9DiruRpjnAnzhn6ts5HGLouHtJrT1JGsPbXNYCrFz2ad,G1BHyB19ozazdUtAdHJbHW8KXoJqsWq4XMiH64WNRHFz,-210,91684875253,0,,true,true,0.85,
9DiruRpjnAnzhn6ts5HGLouHtJrT1JGsPbXNYCrFz2ad,G1BHyB19ozazdUtAdHJbHW8KXoJqsWq4XMiH64WNRHFz,-209,92345495147,0,,true,true,0.85,
9DiruRpjnAnzhn6ts5HGLouHtJrT1JGsPbXNYCrFz2ad,G1BHyB19ozazdUtAdHJbHW8KXoJqsWq4XMiH64WNRHFz,-208,93013174228,0,,true,true,0.85,
9DiruRpjnAnzhn6ts5HGLouHtJrT1JGsPbXNYCrFz2ad,G1BHyB19ozazdUtAdHJbHW8KXoJqsWq4XMiH64WNRHFz,-207,93686752032,0,,true,true,0.85,
9DiruRpjnAnzhn6ts5HGLouHtJrT1JGsPbXNYCrFz2ad,G1BHyB19ozazdUtAdHJbHW8KXoJqsWq4XMiH64WNRHFz,-206,94366273249,0,,true,true,0.85,
9DiruRpjnAnzhn6ts5HGLouHtJrT1JGsPbXNYCrFz2ad,G1BHyB19ozazdUtAdHJbHW8KXoJqsWq4XMiH64WNRHFz,-205,95053121978,0,,true,true,0.85,
9DiruRpjnAnzhn6ts5HGLouHtJrT1JGsPbXNYCrFz2ad,G1BHyB19ozazdUtAdHJbHW8KXoJqsWq4XMiH64WNRHFz,-204,95753597868,0,,true,true,0.85,
9DiruRpjnAnzhn6ts5HGLouHtJrT1JGsPbXNYCrFz2ad,G1BHyB19ozazdUtAdHJbHW8KXoJqsWq4XMiH64WNRHFz,-203,96446842370,0,,true,true,0.85,
9DiruRpjnAnzhn6ts5HGLouHtJrT1JGsPbXNYCrFz2ad,G1BHyB19ozazdUtAdHJbHW8KXoJqsWq4XMiH64WNRHFz,-202,97153704976,0,,true,true,0.85,
9DiruRpjnAnzhn6ts5HGLouHtJrT1JGsPbXNYCrFz2ad,G1BHyB19ozazdUtAdHJbHW8KXoJqsWq4XMiH64WNRHFz,-201,97867568983,0,,true,true,0.85,
9DiruRpjnAnzhn6ts5HGLouHtJrT1JGsPbXNYCrFz2ad,G1BHyB19ozazdUtAdHJbHW8KXoJqsWq4XMiH64WNRHFz,-200,98587450937,0,,true,true,0.85,
9DiruRpjnAnzhn6ts5HGLouHtJrT1JGsPbXNYCrFz2ad,G1BHyB19ozazdUtAdHJbHW8KXoJqsWq4XMiH64WNRHFz,-199,99314300867,0,,true,true,0.85,
9DiruRpjnAnzhn6ts5HGLouHtJrT1JGsPbXNYCrFz2ad,G1BHyB19ozazdUtAdHJbHW8KXoJqsWq4XMiH64WNRHFz,-198,100048168925,0,,true,true,0.85,
9DiruRpjnAnzhn6ts5HGLouHtJrT1JGsPbXNYCrFz2ad,G1BHyB19ozazdUtAdHJbHW8KXoJqsWq4XMiH64WNRHFz,-197,100789065474,0,,true,true,0.85,
9DiruRpjnAnzhn6ts5HGLouHtJrT1JGsPbXNYCrFz2ad,G1BHyB19ozazdUtAdHJbHW8KXoJqsWq4XMiH64WNRHFz,-196,101535944075,0,,true,true,0.85,
9DiruRpjnAnzhn6ts5HGLouHtJrT1JGsPbXNYCrFz2ad,G1BHyB19ozazdUtAdHJbHW8KXoJqsWq4XMiH64WNRHFz,-195,102290782893,0,,true,true,0.85,
9DiruRpjnAnzhn6ts5HGLouHtJrT1JGsPbXNYCrFz2ad,G1BHyB19ozazdUtAdHJbHW8KXoJqsWq4XMiH64WNRHFz,-194,103052656488,0,,true,true,0.85,
9DiruRpjnAnzhn6ts5HGLouHtJrT1JGsPbXNYCrFz2ad,G1BHyB19ozazdUtAdHJbHW8KXoJqsWq4XMiH64WNRHFz,-193,103820531335,0,,true,true,0.85,
9DiruRpjnAnzhn6ts5HGLouHtJrT1JGsPbXNYCrFz2ad,G1BHyB19ozazdUtAdHJbHW8KXoJqsWq4XMiH64WNRHFz,-192,104596417586,0,,true,true,0.85,
9DiruRpjnAnzhn6ts5HGLouHtJrT1JGsPbXNYCrFz2ad,G1BHyB19ozazdUtAdHJbHW8KXoJqsWq4XMiH64WNRHFz,-191,105379284278,0,,true,true,0.85,
9DiruRpjnAnzhn6ts5HGLouHtJrT1JGsPbXNYCrFz2ad,G1BHyB19ozazdUtAdHJbHW8KXoJqsWq4XMiH64WNRHFz,-190,106169162803,0,,true,true,0.85,
9DiruRpjnAnzhn6ts5HGLouHtJrT1JGsPbXNYCrFz2ad,G1BHyB19ozazdUtAdHJbHW8KXoJqsWq4XMiH64WNRHFz,-189,106966042810,0,,true,true,0.85,
9DiruRpjnAnzhn6ts5HGLouHtJrT1JGsPbXNYCrFz2ad,G1BHyB19ozazdUtAdHJbHW8KXoJqsWq4XMiH64WNRHFz,-188,107770923293,0,,true,true,0.85,
9DiruRpjnAnzhn6ts5HGLouHtJrT1JGsPbXNYCrFz2ad,G1BHyB19ozazdUtAdHJbHW8KXoJqsWq4XMiH64WNRHFz,-187,108581827262,0,,true,true,0.85,
9DiruRpjnAnzhn6ts5HGLouHtJrT1JGsPbXNYCrFz2ad,G1BHyB19ozazdUtAdHJbHW8KXoJqsWq4XMiH64WNRHFz,-186,109392772461,0,,true,true,0.85,
9DiruRpjnAnzhn6ts5HGLouHtJrT1JGsPbXNYCrFz2ad,G1BHyB19ozazdUtAdHJbHW8KXoJqsWq4XMiH64WNRHFz,-185,110246186560,0,,true,true,0.85,
9DiruRpjnAnzhn6ts5HGLouHtJrT1JGsPbXNYCrFz2ad,G1BHyB19ozazdUtAdHJbHW8KXoJqsWq4XMiH64WNRHFz,-184,111079898292,0,,true,true,0.85,
9DiruRpjnAnzhn6ts5HGLouHtJrT1JGsPbXNYCrFz2ad,G1BHyB19ozazdUtAdHJbHW8KXoJqsWq4XMiH64WNRHFz,-183,111920612357,0,,true,true,0.85,
9DiruRpjnAnzhn6ts5HGLouHtJrT1JGsPbXNYCrFz2ad,G1BHyB19ozazdUtAdHJbHW8KXoJqsWq4XMiH64WNRHFz,-182,112769329092,0,,true,true,0.85,
9DiruRpjnAnzhn6ts5HGLouHtJrT1JGsPbXNYCrFz2ad,G1BHyB19ozazdUtAdHJbHW8KXoJqsWq4XMiH64WNRHFz,-181,113626048204,0,,true,true,0.85,
9DiruRpjnAnzhn6ts5HGLouHtJrT1JGsPbXNYCrFz2ad,G1BHyB19ozazdUtAdHJbHW8KXoJqsWq4XMiH64WNRHFz,-180,114491023687,0,,true,true,0.85,
9DiruRpjnAnzhn6ts5HGLouHtJrT1JGsPbXNYCrFz2ad,G1BHyB19ozazdUtAdHJbHW8KXoJqsWq4XMiH64WNRHFz,-179,115364295302,0,,true,true,0.85,
9DiruRpjnAnzhn6ts5HGLouHtJrT1JGsPbXNYCrFz2ad,G1BHyB19ozazdUtAdHJbHW8KXoJqsWq4XMiH64WNRHFz,-178,116242244318,0,,true,true,0.85,
9DiruRpjnAnzhn6ts5HGLouHtJrT1JGsPbXNYCrFz2ad,G1BHyB19ozazdUtAdHJbHW8KXoJqsWq4XMiH64WNRHFz,-177,117131236147,0,,true,true,0.85,
9DiruRpjnAnzhn6ts5HGLouHtJrT1JGsPbXNYCrFz2ad,G1BHyB19ozazdUtAdHJbHW8KXoJqsWq4XMiH64WNRHFz,-176,118025753055,0,,true,true,0.85,
9DiruRpjnAnzhn6ts5HGLouHtJrT1JGsPbXNYCrFz2ad,G1BHyB19ozazdUtAdHJbHW8KXoJqsWq4XMiH64WNRHFz,-175,118969416644,0,,true,true,0.85,
9DiruRpjnAnzhn6ts5HGLouHtJrT1JGsPbXNYCrFz2ad,G1BHyB19ozazdUtAdHJbHW8KXoJqsWq4XMiH64WNRHFz,-174,119843124113,0,,true,true,0.85,
9DiruRpjnAnzhn6ts5HGLouHtJrT1JGsPbXNYCrFz2ad,G1BHyB19ozazdUtAdHJbHW8KXoJqsWq4XMiH64WNRHFz,-173,120759900884,0,,true,true,0.85,
9DiruRpjnAnzhn6ts5HGLouHtJrT1JGsPbXNYCrFz2ad,G1BHyB19ozazdUtAdHJbHW8KXoJqsWq4XMiH64WNRHFz,-172,121688285835,0,,true,true,0.85,
9DiruRpjnAnzhn6ts5HGLouHtJrT1JGsPbXNYCrFz2ad,G1BHyB19ozazdUtAdHJbHW8KXoJqsWq4XMiH64WNRHFz,-171,122627184761,0,,true,true,0.85,
9DiruRpjnAnzhn6ts5HGLouHtJrT1JGsPbXNYCrFz2ad,G1BHyB19ozazdUtAdHJbHW8KXoJqsWq4XMiH64WNRHFz,-170,123567103455,0,,true,true,0.85,
9DiruRpjnAnzhn6ts5HGLouHtJrT1JGsPbXNYCrFz2ad,G1BHyB19ozazdUtAdHJbHW8KXoJqsWq4XMiH64WNRHFz,-169,124519855534,0,,true,true,0.85,
9DiruRpjnAnzhn6ts5HGLouHtJrT1JGsPbXNYCrFz2ad,G1BHyB19ozazdUtAdHJbHW8KXoJqsWq4XMiH64WNRHFz,-168,125481217899,0,,true,true,0.85,
9DiruRpjnAnzhn6ts5HGLouHtJrT1JGsPbXNYCrFz2ad,G1BHyB19ozazdUtAdHJbHW8KXoJqsWq4XMiH64WNRHFz,-167,126453142632,0,,true,true,0.85,
9DiruRpjnAnzhn6ts5HGLouHtJrT1JGsPbXNYCrFz2ad,G1BHyB19ozazdUtAdHJbHW8KXoJqsWq4XMiH64WNRHFz,-166,127428741315,0,,true,true,0.85,
9DiruRpjnAnzhn6ts5HGLouHtJrT1JGsPbXNYCrFz2ad,G1BHyB19ozazdUtAdHJbHW8KXoJqsWq4XMiH64WNRHFz,-165,128414476820,0,,true,true,0.85,
9DiruRpjnAnzhn6ts5HGLouHtJrT1JGsPbXNYCrFz2ad,G1BHyB19ozazdUtAdHJbHW8KXoJqsWq4XMiH64WNRHFz,-164,129412094231,0,,true,true,0.85,
9DiruRpjnAnzhn6ts5HGLouHtJrT1JGsPbXNYCrFz2ad,G1BHyB19ozazdUtAdHJbHW8KXoJqsWq4XMiH64WNRHFz,-163,130413996887,0,,true,true,0.85,
9DiruRpjnAnzhn6ts5HGLouHtJrT1JGsPbXNYCrFz2ad,G1BHyB19ozazdUtAdHJbHW8KXoJqsWq4XMiH64WNRHFz,-162,131425757432,0,,true,true,0.85,
9DiruRpjnAnzhn6ts5HGLouHtJrT1JGsPbXNYCrFz2ad,G1BHyB19ozazdUtAdHJbHW8KXoJqsWq4XMiH64WNRHFz,-161,132447898930,0,,true,true,0.85,
9DiruRpjnAnzhn6ts5HGLouHtJrT1JGsPbXNYCrFz2ad,G1BHyB19ozazdUtAdHJbHW8KXoJqsWq4XMiH64WNRHFz,-160,133477329470,0,,true,true,0.85,
9DiruRpjnAnzhn6ts5HGLouHtJrT1JGsPbXNYCrFz2ad,G1BHyB19ozazdUtAdHJbHW8KXoJqsWq4XMiH64WNRHFz,-159,134517118027,0,,true,true,0.85,
9DiruRpjnAnzhn6ts5HGLouHtJrT1JGsPbXNYCrFz2ad,G1BHyB19ozazdUtAdHJbHW8KXoJqsWq4XMiH64WNRHFz,-158,135564893139,0,,true,true,0.85,
9DiruRpjnAnzhn6ts5HGLouHtJrT1JGsPbXNYCrFz2ad,G1BHyB19ozazdUtAdHJbHW8KXoJqsWq4XMiH64WNRHFz,-157,136623616067,0,,true,true,0.85,
9DiruRpjnAnzhn6ts5HGLouHtJrT1JGsPbXNYCrFz2ad,G1BHyB19ozazdUtAdHJbHW8KXoJqsWq4XMiH64WNRHFz,-156,137688565161,0,,true,true,0.85,
9DiruRpjnAnzhn6ts5HGLouHtJrT1JGsPbXNYCrFz2ad,G1BHyB19ozazdUtAdHJbHW8KXoJqsWq4XMiH64WNRHFz,-155,138764158562,0,,true,true,0.85,
9DiruRpjnAnzhn6ts5HGLouHtJrT1JGsPbXNYCrFz2ad,G1BHyB19ozazdUtAdHJbHW8KXoJqsWq4XMiH64WNRHFz,-154,139849938741,0,,true,true,0.85,
9DiruRpjnAnzhn6ts5HGLouHtJrT1JGsPbXNYCrFz2ad,G1BHyB19ozazdUtAdHJbHW8KXoJqsWq4XMiH64WNRHFz,-153,140943759818,0,,true,true,0.85,
9DiruRpjnAnzhn6ts5HGLouHtJrT1JGsPbXNYCrFz2ad,G1BHyB19ozazdUtAdHJbHW8KXoJqsWq4XMiH64WNRHFz,-152,142048505845,0,,true,true,0.85,
9DiruRpjnAnzhn6ts5HGLouHtJrT1JGsPbXNYCrFz2ad,G1BHyB19ozazdUtAdHJbHW8KXoJqsWq4XMiH64WNRHFz,-151,143159415463,0,,true,true,0.85,
9DiruRpjnAnzhn6ts5HGLouHtJrT1JGsPbXNYCrFz2ad,G1BHyB19ozazdUtAdHJbHW8KXoJqsWq4XMiH64WNRHFz,-150,144283271546,0,,true,true,0.85,
9DiruRpjnAnzhn6ts5HGLouHtJrT1JGsPbXNYCrFz2ad,G1BHyB19ozazdUtAdHJbHW8KXoJqsWq4XMiH64WNRHFz,-149,145416128091,0,,true,true,0.85,
9DiruRpjnAnzhn6ts5HGLouHtJrT1JGsPbXNYCrFz2ad,G1BHyB19ozazdUtAdHJbHW8KXoJqsWq4XMiH64WNRHFz,-148,146557992634,0,,true,true,0.85,
9DiruRpjnAnzhn6ts5HGLouHtJrT1JGsPbXNYCrFz2ad,G1BHyB19ozazdUtAdHJbHW8KXoJqsWq4XMiH64WNRHFz,-147,147710847241,0,,true,true,0.85,
9DiruRpjnAnzhn6ts5HGLouHtJrT1JGsPbXNYCrFz2ad,G1BHyB19ozazdUtAdHJbHW8KXoJqsWq4XMiH64WNRHFz,-146,148873702787,0,,true,true,0.85,
9DiruRpjnAnzhn6ts5HGLouHtJrT1JGsPbXNYCrFz2ad,G1BHyB19ozazdUtAdHJbHW8KXoJqsWq4XMiH64WNRHFz,-145,150045563611,0,,true,true,0.85,
9DiruRpjnAnzhn6ts5HGLouHtJrT1JGsPbXNYCrFz2ad,G1BHyB19ozazdUtAdHJbHW8KXoJqsWq4XMiH64WNRHFz,-144,151228424590,0,,true,true,0.85,
9DiruRpjnAnzhn6ts5HGLouHtJrT1JGsPbXNYCrFz2ad,G1BHyB19ozazdUtAdHJbHW8KXoJqsWq4XMiH64WNRHFz,-143,152421289752,0,,true,true,0.85,
9DiruRpjnAnzhn6ts5HGLouHtJrT1JGsPbXNYCrFz2ad,G1BHyB19ozazdUtAdHJbHW8KXoJqsWq4XMiH64WNRHFz,-142,153624150689,0,,true,true,0.85,
9DiruRpjnAnzhn6ts5HGLouHtJrT1JGsPbXNYCrFz2ad,G1BHyB19ozazdUtAdHJbHW8KXoJqsWq4XMiH64WNRHFz,-141,154837048694,0,,true,true,0.85,
